-- MySQL dump 10.13  Distrib 8.0.41, for Win64 (x86_64)
--
-- Host: localhost    Database: lab_internal_marks
-- ------------------------------------------------------
-- Server version	8.0.41

/*!40101 SET @OLD_CHARACTER_SET_CLIENT=@@CHARACTER_SET_CLIENT */;
/*!40101 SET @OLD_CHARACTER_SET_RESULTS=@@CHARACTER_SET_RESULTS */;
/*!40101 SET @OLD_COLLATION_CONNECTION=@@COLLATION_CONNECTION */;
/*!50503 SET NAMES utf8mb4 */;
/*!40103 SET @OLD_TIME_ZONE=@@TIME_ZONE */;
/*!40103 SET TIME_ZONE='+00:00' */;
/*!40014 SET @OLD_UNIQUE_CHECKS=@@UNIQUE_CHECKS, UNIQUE_CHECKS=0 */;
/*!40014 SET @OLD_FOREIGN_KEY_CHECKS=@@FOREIGN_KEY_CHECKS, FOREIGN_KEY_CHECKS=0 */;
/*!40101 SET @OLD_SQL_MODE=@@SQL_MODE, SQL_MODE='NO_AUTO_VALUE_ON_ZERO' */;
/*!40111 SET @OLD_SQL_NOTES=@@SQL_NOTES, SQL_NOTES=0 */;

--
-- Table structure for table `admin`
--

DROP TABLE IF EXISTS `admin`;
/*!40101 SET @saved_cs_client     = @@character_set_client */;
/*!50503 SET character_set_client = utf8mb4 */;
CREATE TABLE `admin` (
  `Admin_id` int NOT NULL,
  `username` varchar(45) NOT NULL,
  `email` varchar(45) NOT NULL,
  `password` varchar(45) NOT NULL,
  PRIMARY KEY (`Admin_id`)
) ENGINE=InnoDB DEFAULT CHARSET=utf8mb4 COLLATE=utf8mb4_0900_ai_ci;
/*!40101 SET character_set_client = @saved_cs_client */;

--
-- Dumping data for table `admin`
--

LOCK TABLES `admin` WRITE;
/*!40000 ALTER TABLE `admin` DISABLE KEYS */;
INSERT INTO `admin` VALUES (1,'Renuka','renukadevi1803@gmail.com','renuka18'),(2,'Sindhu','sindhulakshmi@gmail.com','sindhu25'),(5,'admin01','admin01@example.com','adminpass'),(10,'admin1','admin1@example.com','adminpass'),(15,'renu','r@gmail.com','renu');
/*!40000 ALTER TABLE `admin` ENABLE KEYS */;
UNLOCK TABLES;

--
-- Table structure for table `course`
--

DROP TABLE IF EXISTS `course`;
/*!40101 SET @saved_cs_client     = @@character_set_client */;
/*!50503 SET character_set_client = utf8mb4 */;
CREATE TABLE `course` (
  `course_code` varchar(50) NOT NULL,
  `course_name` varchar(255) NOT NULL,
  `semester_name` varchar(50) NOT NULL,
  `department_id` int DEFAULT NULL,
  PRIMARY KEY (`course_code`),
  KEY `department_id` (`department_id`),
  CONSTRAINT `course_ibfk_2` FOREIGN KEY (`department_id`) REFERENCES `department` (`department_id`) ON DELETE CASCADE
) ENGINE=InnoDB DEFAULT CHARSET=utf8mb4 COLLATE=utf8mb4_0900_ai_ci;
/*!40101 SET character_set_client = @saved_cs_client */;

--
-- Dumping data for table `course`
--

LOCK TABLES `course` WRITE;
/*!40000 ALTER TABLE `course` DISABLE KEYS */;
INSERT INTO `course` VALUES ('BM101','Biomaterials','Semester 1',10),('BM102','Medical Imaging','Semester 2',10),('BM103','Biomedical Instrumentation','Semester 3',10),('BM104','Neural Engineering','Semester 4',10),('CE101','Engineering Mechanics','Semester 1',4),('CE102','Fluid Mechanics','Semester 2',4),('CE103','Structural Analysis','Semester 3',4),('CE104','Concrete Technology','Semester 4',4),('CE105','Transportation Engineering','Semester 5',4),('CE106','Environmental Engineering','Semester 6',4),('CS101','Programming in C','Semester 1',1),('CS102','Data Structures','Semester 2',1),('CS103','Operating Systems','Semester 3',1),('CS104','Database Management Systems','Semester 4',1),('CS105','Computer Networks','Semester 5',1),('CS106','Artificial Intelligence','Semester 6',1),('CS107','Machine Learning','Semester 7',1),('CS108','Cloud Computing','Semester 8',1),('EC101','Electronic Devices','Semester 1',5),('EC102','Analog Circuits','Semester 2',5),('EC103','Digital Signal Processing','Semester 3',5),('EC104','Communication Theory','Semester 4',5),('EC105','Microprocessors and Microcontrollers','Semester 5',5),('EC106','VLSI Design','Semester 6',5),('EE101','Circuit Theory','Semester 1',3),('EE102','Electromagnetic Theory','Semester 2',3),('EE103','Electrical Machines','Semester 3',3),('EE104','Power Electronics','Semester 4',3),('EE105','Control Systems','Semester 5',3),('EE106','High Voltage Engineering','Semester 6',3),('EE107','Renewable Energy Systems','Semester 7',3),('EE108','Smart Grid Technology','Semester 8',3),('GI101','Introduction to Geoinformatics','Semester 1',13),('IE101','Production Planning','Semester 1',8),('IE102','Operations Research','Semester 2',8),('IE103','Supply Chain Management','Semester 3',8),('IE104','Quality Control','Semester 4',8),('IT101','Information Security','Semester 1',9),('IT102','Software Engineering','Semester 2',9),('IT103','Web Technologies','Semester 3',9),('IT104','Data Analytics','Semester 4',9),('ME101','Engineering Thermodynamics','Semester 1',2),('ME102','Kinematics of Machinery','Semester 2',2),('ME103','Dynamics of Machinery','Semester 3',2),('ME104','Manufacturing Technology','Semester 4',2),('ME105','Automobile Engineering','Semester 5',2),('ME106','Mechatronics','Semester 6',2),('ME107','Robotics','Semester 7',2),('ME108','Industrial Engineering','Semester 8',2),('MF101','Manufacturing Processes','Semester 1',7),('MF102','Material Science','Semester 2',7),('MF103','Automation in Manufacturing','Semester 3',7),('MF104','Additive Manufacturing','Semester 4',7),('MI101','Mining Fundamentals','Semester 1',6),('MI102','Mine Surveying','Semester 2',6),('MI103','Rock Mechanics','Semester 3',6),('MI104','Mine Safety','Semester 4',6),('MS101','Introduction to Materials','Semester 1',12),('MS102','Nano Materials','Semester 2',12),('MS103','Polymer Science','Semester 3',12),('MS104','Metallurgical Engineering','Semester 4',12),('PR101','Printing Technology','Semester 1',11),('PR102','Graphic Communication','Semester 2',11),('PR103','Digital Printing','Semester 3',11),('PR104','Packaging Technology','Semester 4',11);
/*!40000 ALTER TABLE `course` ENABLE KEYS */;
UNLOCK TABLES;

--
-- Table structure for table `department`
--

DROP TABLE IF EXISTS `department`;
/*!40101 SET @saved_cs_client     = @@character_set_client */;
/*!50503 SET character_set_client = utf8mb4 */;
CREATE TABLE `department` (
  `department_id` int NOT NULL AUTO_INCREMENT,
  `department_name` varchar(255) NOT NULL,
  `department_head` int DEFAULT NULL,
  `location` varchar(255) DEFAULT NULL,
  PRIMARY KEY (`department_id`),
  KEY `department_head` (`department_head`),
  CONSTRAINT `department_ibfk_2` FOREIGN KEY (`department_head`) REFERENCES `faculty` (`faculty_id`)
) ENGINE=InnoDB AUTO_INCREMENT=113 DEFAULT CHARSET=utf8mb4 COLLATE=utf8mb4_0900_ai_ci;
/*!40101 SET character_set_client = @saved_cs_client */;

--
-- Dumping data for table `department`
--

LOCK TABLES `department` WRITE;
/*!40000 ALTER TABLE `department` DISABLE KEYS */;
INSERT INTO `department` VALUES (1,'Computer Science',19,'Block A, 2nd Floor'),(2,'Mechanical Engineering',15,'Block B, 1st Floor'),(3,'Electrical and Electronics Engineering',4,'Block C, 3rd Floor'),(4,'Civil Engineering',69,'Block D, Ground Floor'),(5,'Electronics and Communication Engineering',78,'Block E, 2nd Floor'),(6,'Mining Engineering',34,'Block H, 1st Floor'),(7,'Manufacturing Engineering',89,'Block I, 3rd Floor'),(8,'Industrial Engineering',100,'Block J, 2nd Floor'),(9,'Information Science and Technology',114,'Block K, 1st Floor'),(10,'Bio-Medical Engineering',127,'Block L, 3rd Floor'),(11,'Printing and Packaging Engineering',138,'Block M, 1st Floor'),(12,'Material Science and Engineering',141,'Block N, 2nd Floor'),(13,'Geoinformatics Engineering',48,'Block O, Ground Floor');
/*!40000 ALTER TABLE `department` ENABLE KEYS */;
UNLOCK TABLES;

--
-- Table structure for table `enrollment`
--

DROP TABLE IF EXISTS `enrollment`;
/*!40101 SET @saved_cs_client     = @@character_set_client */;
/*!50503 SET character_set_client = utf8mb4 */;
CREATE TABLE `enrollment` (
  `enrollment_id` int NOT NULL AUTO_INCREMENT,
  `student_id` int NOT NULL,
  `course_code` varchar(10) NOT NULL,
  `faculty_id` int DEFAULT NULL,
  PRIMARY KEY (`enrollment_id`),
  KEY `student_id` (`student_id`),
  KEY `course_code` (`course_code`),
  KEY `faculty_id` (`faculty_id`),
  CONSTRAINT `enrollment_ibfk_1` FOREIGN KEY (`student_id`) REFERENCES `student` (`student_id`) ON DELETE CASCADE,
  CONSTRAINT `enrollment_ibfk_2` FOREIGN KEY (`course_code`) REFERENCES `course` (`course_code`) ON DELETE CASCADE,
  CONSTRAINT `enrollment_ibfk_3` FOREIGN KEY (`faculty_id`) REFERENCES `faculty` (`faculty_id`) ON DELETE SET NULL
) ENGINE=InnoDB AUTO_INCREMENT=1036 DEFAULT CHARSET=utf8mb4 COLLATE=utf8mb4_0900_ai_ci;
/*!40101 SET character_set_client = @saved_cs_client */;

--
-- Dumping data for table `enrollment`
--

LOCK TABLES `enrollment` WRITE;
/*!40000 ALTER TABLE `enrollment` DISABLE KEYS */;
INSERT INTO `enrollment` VALUES (3,2,'CS104',18),(5,3,'CS108',10),(7,4,'CS107',9),(12,7,'CS105',24),(24,19,'CS106',22),(26,22,'CS107',9),(30,24,'CS104',23),(31,24,'CS107',9),(35,26,'CS106',22),(38,29,'CS105',20),(41,31,'CS108',10),(45,33,'CS106',22),(46,34,'CS104',18),(57,39,'ME105',53),(62,44,'ME105',53),(64,46,'EE105',28),(70,49,'EE107',1),(76,56,'EE101',1),(77,57,'EE107',1),(81,67,'CE103',66),(82,67,'CE106',72),(84,68,'CE105',71),(87,69,'CE103',67),(88,70,'CE104',68),(91,75,'CE104',69),(92,77,'CE105',70),(107,89,'EC105',81),(109,93,'EC104',78),(110,93,'EC105',80),(267,1,'CS101',9),(268,1,'CS103',9),(269,8,'CS101',9),(270,13,'CS103',9),(281,3,'CS102',11),(282,5,'CS102',11),(283,26,'CS102',11),(292,36,'ME101',15),(298,39,'ME102',16),(299,44,'ME102',16),(307,30,'CS102',19),(310,5,'CS103',21),(311,26,'CS103',21),(312,31,'CS103',21),(320,43,'ME102',25),(351,97,'MI101',34),(352,109,'MI104',34),(408,177,'BM101',42),(420,200,'PR101',44),(447,220,'GI101',48),(448,221,'GI101',48),(449,223,'GI101',48),(450,227,'GI101',48),(457,40,'ME105',53),(500,62,'CE102',65),(507,98,'MI102',84),(518,96,'MI103',86),(532,115,'MF103',91),(540,120,'MF104',93),(559,138,'IE103',99),(573,132,'IE104',101),(574,142,'IE104',101),(590,154,'IT102',114),(633,173,'BM103',128),(654,195,'PR102',134),(655,198,'PR102',134),(665,192,'PR103',136),(666,194,'PR103',136),(673,186,'PR104',138),(697,202,'MS103',142),(1024,1,'CS102',19),(1027,2,'CS101',9),(1028,103,'MI103',86),(1029,15,'CS101',17),(1034,1,'CS106',22),(1035,1,'CS105',24);
/*!40000 ALTER TABLE `enrollment` ENABLE KEYS */;
UNLOCK TABLES;
/*!50003 SET @saved_cs_client      = @@character_set_client */ ;
/*!50003 SET @saved_cs_results     = @@character_set_results */ ;
/*!50003 SET @saved_col_connection = @@collation_connection */ ;
/*!50003 SET character_set_client  = utf8mb4 */ ;
/*!50003 SET character_set_results = utf8mb4 */ ;
/*!50003 SET collation_connection  = utf8mb4_0900_ai_ci */ ;
/*!50003 SET @saved_sql_mode       = @@sql_mode */ ;
/*!50003 SET sql_mode              = 'ONLY_FULL_GROUP_BY,STRICT_TRANS_TABLES,NO_ZERO_IN_DATE,NO_ZERO_DATE,ERROR_FOR_DIVISION_BY_ZERO,NO_ENGINE_SUBSTITUTION' */ ;
DELIMITER ;;
/*!50003 CREATE*/ /*!50017 DEFINER=`root`@`localhost`*/ /*!50003 TRIGGER `trg_delete_records_after_unenroll` AFTER DELETE ON `enrollment` FOR EACH ROW BEGIN
	DECLARE msg VARCHAR(100);
    SET msg = CONCAT('Trigger for deletion of', old.student_id, ' created');
  -- Delete lab observations
  DELETE FROM lab_observation
  WHERE student_id = OLD.student_id
    AND course_code = OLD.course_code;

  -- Delete mid term exam records
  DELETE FROM mid_term_exam
  WHERE student_id = OLD.student_id
    AND course_code = OLD.course_code;

  -- Delete report records
  DELETE FROM report
  WHERE student_id = OLD.student_id
    AND course_code = OLD.course_code;
	INSERT INTO trigger_log (message, ts) VALUES (msg, NOW());	

END */;;
DELIMITER ;
/*!50003 SET sql_mode              = @saved_sql_mode */ ;
/*!50003 SET character_set_client  = @saved_cs_client */ ;
/*!50003 SET character_set_results = @saved_cs_results */ ;
/*!50003 SET collation_connection  = @saved_col_connection */ ;

--
-- Table structure for table `faculty`
--

DROP TABLE IF EXISTS `faculty`;
/*!40101 SET @saved_cs_client     = @@character_set_client */;
/*!50503 SET character_set_client = utf8mb4 */;
CREATE TABLE `faculty` (
  `faculty_id` int NOT NULL AUTO_INCREMENT,
  `faculty_name` varchar(255) NOT NULL,
  `dob` date NOT NULL,
  `gender` enum('Male','Female','Other') NOT NULL,
  `house_name` varchar(255) DEFAULT NULL,
  `place` varchar(255) DEFAULT NULL,
  `city` varchar(255) DEFAULT NULL,
  `f_phone_no` varchar(15) DEFAULT NULL,
  `department_id` int DEFAULT NULL,
  PRIMARY KEY (`faculty_id`),
  KEY `department_id` (`department_id`),
  CONSTRAINT `faculty_ibfk_2` FOREIGN KEY (`department_id`) REFERENCES `department` (`department_id`),
  CONSTRAINT `chk_faculty_gender` CHECK ((`gender` in (_utf8mb4'Male',_utf8mb4'Female',_utf8mb4'Others')))
) ENGINE=InnoDB AUTO_INCREMENT=150 DEFAULT CHARSET=utf8mb4 COLLATE=utf8mb4_0900_ai_ci;
/*!40101 SET character_set_client = @saved_cs_client */;

--
-- Dumping data for table `faculty`
--

LOCK TABLES `faculty` WRITE;
/*!40000 ALTER TABLE `faculty` DISABLE KEYS */;
INSERT INTO `faculty` VALUES (1,'Dr. L. Divya','1982-12-05','Female','23 Tambaram','Chennai','Chennai','9447200780',3),(2,'Dr. D. Mohan','1977-04-09','Male','34 Ashok Nagar','Chennai','Chennai','9447100679',3),(3,'Dr. H. Preethi','1983-06-28','Female','78 Velachery','Chennai','Chennai','9447000568',3),(4,'Dr. V. Senthil Kumar','1980-02-14','Male','67 KK Nagar','Chennai','Chennai','9446900457',3),(5,'Dr. P. Bharathi','1985-08-25','Female','12 Adambakkam','Chennai','Chennai','9446800346',3),(6,'Dr. M. Vijay','1976-03-18','Male','99 Guindy','Chennai','Chennai','9446700235',3),(7,'Dr. K. Anitha','1981-11-30','Female','23 Teynampet','Chennai','Chennai','9446600124',3),(8,'Dr. R. Prakash','1984-07-23','Male','34 Mogappair','Chennai','Chennai','9446500903',3),(9,'Dr. N. Sanjay','1980-03-22','Male','88 KK Nagar','Chennai','Chennai','9445111223',1),(10,'Dr. R. Meera','1984-11-05','Female','67 Velachery','Chennai','Chennai','9445778899',1),(11,'Dr. K. Aravind','1979-07-15','Male','42 T Nagar','Chennai','Chennai','9445334455',1),(12,'Dr. S. Priyanka','1982-09-27','Female','99 Adyar','Chennai','Chennai','9445667788',1),(13,'Dr. M. Gokul','1985-01-18','Male','23 Tambaram','Chennai','Chennai','9445998877',1),(14,'Dr. H. Sangeetha','1985-06-30','Female','50 Avadi','Chennai','Chennai','9446500901',2),(15,'Dr. D. Rajesh','1976-12-08','Male','12 Ashok Nagar','Chennai','Chennai','9446400890',2),(16,'Dr. N. Meera','1981-04-23','Female','99 Madipakkam','Chennai','Chennai','9446300789',2),(17,'Dr. V. Kamakoti','1973-07-12','Male','23 Anna Nagar','Chennai','Chennai','9445123456',1),(18,'Dr. R. Srinivasan','1980-04-25','Male','34 T Nagar','Chennai','Chennai','9445789012',1),(19,'Dr. S. Geetha','1975-11-10','Female','12 Mylapore','Chennai','Chennai','9445567890',1),(20,'Dr. P. Rajalakshmi','1982-06-18','Female','56 Velachery','Chennai','Chennai','9445674321',1),(21,'Dr. K. Balasubramanian','1978-02-14','Male','78 Guindy','Chennai','Chennai','9445789087',1),(22,'Dr. S. Kavitha','1985-09-30','Female','90 Thiruvanmiyur','Chennai','Chennai','9445567899',1),(23,'Dr. M. Arun','1981-12-20','Male','45 Adyar','Chennai','Chennai','9445789021',1),(24,'Dr. R. Mythili','1979-08-11','Female','34 KK Nagar','Chennai','Chennai','9445690876',1),(25,'Dr. R. Velraj','1972-03-19','Male','102 Gandhi Street','Chennai','Chennai','9445098765',2),(26,'Dr. P. Murugan','1980-07-08','Male','78 Ambattur','Chennai','Chennai','9445789011',2),(27,'Dr. L. Saranya','1985-05-30','Female','89 Guindy','Chennai','Chennai','9445670987',2),(28,'Dr. S. Ramesh','1977-09-15','Male','56 MGR Nagar','Chennai','Chennai','9445781234',3),(29,'Dr. K. Vasanth','1982-12-07','Male','67 Vadapalani','Chennai','Chennai','9445789023',3),(30,'Dr. B. Senthil','1976-02-25','Male','34 Nungambakkam','Chennai','Chennai','9445674320',4),(31,'Dr. A. Venkatesan','1979-10-30','Male','22 Perambur','Chennai','Chennai','9445908765',4),(32,'Dr. Priya Narayanan','1983-05-18','Female','77 Adambakkam','Chennai','Chennai','9445672345',5),(33,'Dr. Kishore Kumar','1978-11-29','Male','11 Tambaram','Chennai','Chennai','9445789012',5),(34,'Dr. M. Rajkumar','1975-06-12','Male','14 Saidapet','Chennai','Chennai','9445908764',6),(35,'Dr. S. Meenakshi','1981-09-21','Female','22 Villivakkam','Chennai','Chennai','9445678912',6),(36,'Dr. K. Madhavan','1979-07-23','Male','11 Tambaram','Chennai','Chennai','9445557890',7),(37,'Dr. Vaishnavi S.','1984-09-12','Female','99 Thiruvanmiyur','Chennai','Chennai','9445550123',7),(38,'Dr. Mahendra Kumar','1983-02-27','Male','21 Ambattur','Chennai','Chennai','9445554321',8),(39,'Dr. Kavitha G.','1984-06-15','Female','9 Perambur','Chennai','Chennai','9445555678',8),(40,'Dr. Sujatha Raman','1981-08-19','Female','50 ECR','Chennai','Chennai','9445556789',9),(41,'Dr. Kishore J.','1979-12-03','Male','77 Besant Nagar','Chennai','Chennai','9445558901',9),(42,'Dr. Janani M.','1985-10-25','Female','34 Mogappair','Chennai','Chennai','9445556789',10),(43,'Dr. Arvind P.','1977-05-14','Male','56 Royapuram','Chennai','Chennai','9445554321',10),(44,'Dr. Sridhar N.','1983-04-18','Male','98 Avadi','Chennai','Chennai','9445556789',11),(45,'Dr. Meenakshi A.','1976-12-08','Female','22 Ashok Nagar','Chennai','Chennai','9445553456',11),(46,'Dr. Ramesh N.','1979-07-23','Male','11 Tambaram','Chennai','Chennai','9445557890',12),(47,'Dr. Vaishnavi S.','1984-09-12','Female','99 Thiruvanmiyur','Chennai','Chennai','9445550123',12),(48,'Dr. Balakrishnan R.','1975-03-17','Male','87 Saidapet','Chennai','Chennai','9445556789',13),(49,'Dr. Anitha K.','1982-08-29','Female','43 Anna Salai','Chennai','Chennai','9445552345',13),(50,'Dr. S. Manikandan','1974-06-15','Male','12 Anna Nagar','Chennai','Chennai','9445100123',2),(51,'Dr. M. Nithya','1980-09-20','Female','34 Mylapore','Chennai','Chennai','9445200345',2),(52,'Dr. K. Dinesh','1976-03-05','Male','78 Teynampet','Chennai','Chennai','9445300567',2),(53,'Dr. R. Suganya','1982-12-11','Female','45 Guindy','Chennai','Chennai','9445400789',2),(54,'Dr. A. Pradeep','1979-08-30','Male','23 KK Nagar','Chennai','Chennai','9445500890',2),(55,'Dr. L. Harish','1981-11-22','Male','67 Nanganallur','Chennai','Chennai','9445600987',2),(56,'Dr. B. Anjali','1985-07-18','Female','90 Velachery','Chennai','Chennai','9445700123',2),(57,'Dr. V. Satish','1978-05-14','Male','11 Tambaram','Chennai','Chennai','9445800234',2),(58,'Dr. G. Swathi','1984-02-27','Female','22 Perambur','Chennai','Chennai','9445900345',2),(59,'Dr. P. Arun Kumar','1980-10-10','Male','56 Adyar','Chennai','Chennai','9446000456',2),(60,'Dr. R. Priyanka','1983-09-05','Female','34 Thiruvanmiyur','Chennai','Chennai','9446100567',2),(61,'Dr. S. Karthik','1977-01-29','Male','77 Ambattur','Chennai','Chennai','9446200678',2),(62,'Dr. N. Vishnu','1982-05-16','Male','45 Kodambakkam','Chennai','Chennai','9446300781',3),(63,'Dr. S. Deepa','1979-09-12','Female','56 Perambur','Chennai','Chennai','9446400892',3),(64,'Prof. B V Mudgal','1973-12-03','Male','34 Tambaram','Chennai','Chennai','9448201700',4),(65,'Dr. Premalatha Krishnamurthy','1981-05-14','Female','77 Royapettah','Chennai','Chennai','9448101619',4),(66,'Dr. R. Senthil','1974-08-25','Male','56 Nungambakkam','Chennai','Chennai','9448001528',4),(67,'Dr. M. Muttharam','1982-10-30','Male','22 T Nagar','Chennai','Chennai','9447901437',4),(68,'Dr. K.P. Jaya','1976-06-15','Female','99 Mylapore','Chennai','Chennai','9447801346',4),(69,'Dr. G. Malarvizi','1979-02-10','Female','34 Thiruvanmiyur','Chennai','Chennai','9447701255',4),(70,'Dr. G. Uma Devi','1983-11-22','Female','12 Velachery','Chennai','Chennai','9447601164',4),(71,'Dr. S. Lakshmi','1980-07-18','Female','45 Adyar','Chennai','Chennai','9447501073',4),(72,'Dr. K. Gunasekaran','1975-09-05','Male','23 KK Nagar','Chennai','Chennai','9447400982',4),(73,'Dr. S. Kanmani','1978-04-12','Female','56 Anna Nagar','Chennai','Chennai','9447300891',4),(74,'Dr. M.A. Bhagyaveni','1975-06-14','Female','123 Green Street','Adyar','Chennai','9447300891',5),(75,'Dr. S. Muttan','1965-09-30','Male','56 Anna Nagar','Velachery','Chennai','9447400982',5),(76,'Dr. P.V. Ramakrishna','1960-05-18','Male','78 K.K Nagar','T Nagar','Chennai','9447501073',5),(77,'Dr. M. Meenakshi','1978-03-22','Female','34 Mount Road','Nungambakkam','Chennai','9447601164',5),(78,'Dr. K. Malathi','1974-07-10','Female','99 Guindy','Guindy','Chennai','9447701255',5),(79,'Dr. D. Sridharan','1972-11-25','Male','11 Mylapore','Kodambakkam','Chennai','9447801346',5),(80,'Dr. S. Nirmaladevi','1981-08-05','Female','22 Besant Nagar','Besant Nagar','Chennai','9447901437',5),(81,'Dr. P. Sakthivel','1973-02-15','Male','45 Tambaram','Tambaram','Chennai','9448001528',5),(82,'Dr. V. Jeyalakshmi','1980-09-20','Female','67 Thiruvanmiyur','Thiruvanmiyur','Chennai','9448101619',5),(83,'Dr. M. Sasikala','1976-04-12','Female','30 West Mambalam','Mambalam','Chennai','9448201700',5),(84,'Dr. P. Balamadeswaran','1980-05-12','Male','12 Gandhi Street','Anna Nagar','Chennai','9448301891',6),(85,'D. Edwin David Raj','1985-08-25','Male','34 Park Road','Guindy','Chennai','9448401982',6),(86,'E. Kumar','1978-12-10','Male','56 Lake View','Tambaram','Chennai','9448502073',6),(87,'M.D. Suresh Kumar','1975-06-18','Male','78 Green Avenue','Adyar','Chennai','9448602164',6),(88,'S. Venugopal','1982-03-30','Male','99 Blue Street','Velachery','Chennai','9448702255',6),(89,'Arumaikannu G','1972-07-15','Male','10 Industrial Road','Guindy','Chennai','9448801891',7),(90,'Ezhilmaran V','1980-09-25','Male','23 Park Street','Guindy','Chennai','9448901982',7),(91,'Hariharan P','1975-11-10','Male','56 Lake View','Anna Nagar','Chennai','9449002073',7),(92,'Kantha Babu M','1968-06-18','Male','78 Green Avenue','Adyar','Chennai','9449102164',7),(93,'Omkumar M','1982-03-30','Male','99 Blue Street','Velachery','Chennai','9449202255',7),(94,'Rajkumar K','1985-05-22','Male','34 Gandhi Street','T. Nagar','Chennai','9449302346',7),(95,'Suresh Babu A','1979-08-14','Male','67 MG Road','Nungambakkam','Chennai','9449402437',7),(96,'Thirumal Azhagan M','1987-12-05','Male','12 Mount Road','Saidapet','Chennai','9449502528',7),(97,'Dr R Baskaran','1970-05-12','Male','14 Industrial Street','Guindy','Chennai','9449602619',8),(98,'Prof T Paul Robert','1968-11-23','Male','25 Park Avenue','Guindy','Chennai','9449702701',8),(99,'Dr M Rajmohan','1975-07-18','Male','78 Lake View Road','Anna Nagar','Chennai','9449802792',8),(100,'Dr Gnanavelbabu A','1972-09-30','Male','56 MG Road','Adyar','Chennai','9449902883',8),(101,'Dr Ramesh Babu Thangavelu','1980-02-15','Male','34 Gandhi Street','T. Nagar','Chennai','9450002974',8),(102,'Prof Raju Ramasamy','1973-04-22','Male','99 Green Avenue','Velachery','Chennai','9450103065',8),(103,'Prof Dillibabu Ramalingam','1982-06-08','Male','67 Blue Street','Nungambakkam','Chennai','9450203156',8),(104,'Dr K Padmanabhan Panchu','1985-10-14','Male','12 Mount Road','Saidapet','Chennai','9450303247',8),(105,'Mrs V Kamala','1988-12-20','Female','45 Lotus Colony','Tambaram','Chennai','9450403338',8),(106,'Dr M.Santhanakumar','1981-08-05','Male','77 Red Street','Kodambakkam','Chennai','9450503429',8),(107,'Dr Sasikumar A','1990-03-25','Male','89 Orchid Lane','Chromepet','Chennai','9450603510',8),(108,'Mr Satheesh R','1992-05-11','Male','22 Hill Road','Perambur','Chennai','9450703601',8),(109,'Mr Siva M','1993-07-19','Male','18 Sunshine Avenue','Thiruvanmiyur','Chennai','9450803692',8),(110,'Mr Saranraj Ramachandran','1995-09-02','Male','41 Diamond Street','Pallavaram','Chennai','9450903783',8),(111,'Mr Bhaarath S.P','1996-11-30','Male','59 Rose Garden','Medavakkam','Chennai','9451003874',8),(112,'Mr Venkateswaran P','1997-04-15','Male','32 Pearl Colony','Velachery','Chennai','9451103965',8),(113,'Mr Kannathasan K','1998-06-25','Male','76 Ruby Street','Adambakkam','Chennai','9451204056',8),(114,'Dr. Abirami Murugappan','1972-03-10','Female','21 AI Street','Guindy','Chennai','9449604111',9),(115,'N. Anbarasi','1989-05-15','Female','14 Cloud Avenue','Anna Nagar','Chennai','9449704202',9),(116,'Dr. K. Arul Deepa','1983-07-22','Female','45 ML Road','Velachery','Chennai','9449804293',9),(117,'Dr. S. Bama','1978-09-18','Female','88 Logic Lane','T. Nagar','Chennai','9449904384',9),(118,'Dr. M. Deivamani','1981-04-26','Female','32 Data Drive','Nungambakkam','Chennai','9450004475',9),(119,'Dr. G. Geetha','1985-11-30','Female','77 IoT Street','Adyar','Chennai','9450104566',9),(120,'Dr. P. Geetha','1986-08-14','Female','41 Analytics Road','Guindy','Chennai','9450204657',9),(121,'Dr. K. Indra Gandhi','1980-02-21','Female','56 Security Lane','Velachery','Chennai','9450304748',9),(122,'Dr. J. Indumathi','1976-10-05','Female','67 Privacy Street','Saidapet','Chennai','9450404839',9),(123,'R.L. Jasmine','1991-12-12','Female','12 Data Science Avenue','Tambaram','Chennai','9450504920',9),(124,'Dr. K. Kulothungan','1984-06-08','Male','89 Network Street','T. Nagar','Chennai','9450605011',9),(125,'Dr. T. Mala','1979-03-27','Female','34 Cloud Computing Lane','Kodambakkam','Chennai','9450705102',9),(126,'Dr. S. Nirmala Devi','1970-05-14','Female','23 Signal Street','Guindy','Chennai','9461107001',10),(127,'Dr. S. Poonguzhali','1968-08-22','Female','45 Medical Tech Avenue','Adyar','Chennai','9461207092',10),(128,'Dr. N. Kumaravel','1965-11-30','Male','67 Research Lane','Velachery','Chennai','9461307183',10),(129,'Dr. S. Muttan','1960-02-10','Male','88 VLSI Residency','T. Nagar','Chennai','9461407274',10),(130,'Dr. G. Kavitha','1975-06-18','Female','12 AI Street','Anna Nagar','Chennai','9461507365',10),(131,'Dr. B.S. Sreeja','1980-04-26','Female','34 Embedded Systems Lane','Tambaram','Chennai','9461607456',10),(132,'Dr. R. Parameshwari','1985-09-10','Female','77 Communication Towers','Guindy','Chennai','9461707547',10),(133,'Dr. D. Kalyani','1990-12-05','Female','41 Wireless Avenue','Velachery','Chennai','9461807638',10),(134,'M. Kanchana','1982-03-15','Female','12 Print Avenue','Guindy','Chennai','9461907729',11),(135,'J.P. Nirmala','1985-07-20','Female','34 Ink Street','Adyar','Chennai','9462007810',11),(136,'Dr. J. Sandeep','1980-01-25','Male','56 Packaging Lane','Velachery','Chennai','9462107891',11),(137,'Dr. K. Senthil Vadivu','1975-09-10','Male','78 Composite Road','Anna Nagar','Chennai','9462207972',11),(138,'Dr. T. Thendral Thiyagu','1978-05-30','Male','23 Biopolymer Colony','Tambaram','Chennai','9462308053',11),(139,'K. Vipinendran','1983-11-08','Male','90 Colour Management St.','T. Nagar','Chennai','9462408134',11),(140,'Dr. R. Vidhya','1970-04-15','Female','Director Residence','Guindy','Chennai','4422358155',12),(141,'Dr. D. Thirumalaivasan','1972-06-10','Male','15 GIS Street','Adyar','Chennai','4422357833',12),(142,'Dr. K. Srinivasa Raju','1974-08-20','Male','22 Urban Planning Road','Velachery','Chennai','4422358144',12),(143,'Dr. C. Udhayakumar','1968-12-05','Male','45 Remote Sensing Lane','Anna Nagar','Chennai','4422358153',12),(144,'Dr. R. Murugasan','1965-03-18','Male','67 Highway Engineering Colony','Tambaram','Chennai','4422358178',12),(145,'Dr. S. Jayalakshmi','1971-09-25','Female','89 Contamination Model Street','T. Nagar','Chennai','4422358146',12),(146,'Dr. Ram Kumar','1980-07-12','Male','Sri Nivas','Ashok Nagar','Chennai','9876543210',2),(147,'Dr. Jane Smith','1980-05-10','Female','XYZ House','Coimbatore','Coimbatore','9876543210',1),(148,'Dr. Jane Smith','1980-05-10','Female','XYZ House','Coimbatore','Coimbatore','9876543210',1),(149,'Shree Sharmila','1983-08-25','Female','18,Main Road','Adyar','Chennai','9857465847',1);
/*!40000 ALTER TABLE `faculty` ENABLE KEYS */;
UNLOCK TABLES;
/*!50003 SET @saved_cs_client      = @@character_set_client */ ;
/*!50003 SET @saved_cs_results     = @@character_set_results */ ;
/*!50003 SET @saved_col_connection = @@collation_connection */ ;
/*!50003 SET character_set_client  = utf8mb4 */ ;
/*!50003 SET character_set_results = utf8mb4 */ ;
/*!50003 SET collation_connection  = utf8mb4_0900_ai_ci */ ;
/*!50003 SET @saved_sql_mode       = @@sql_mode */ ;
/*!50003 SET sql_mode              = 'ONLY_FULL_GROUP_BY,STRICT_TRANS_TABLES,NO_ZERO_IN_DATE,NO_ZERO_DATE,ERROR_FOR_DIVISION_BY_ZERO,NO_ENGINE_SUBSTITUTION' */ ;
DELIMITER ;;
/*!50003 CREATE*/ /*!50017 DEFINER=`root`@`localhost`*/ /*!50003 TRIGGER `trg_before_delete_faculty` BEFORE DELETE ON `faculty` FOR EACH ROW BEGIN
  DECLARE new_faculty_id INT;
	DECLARE msg VARCHAR(100);
    SET msg = CONCAT('Trigger for deletion of', OLD.faculty_id, ' created');

  -- Check if another faculty is teaching the same course
  SELECT faculty_id
  INTO new_faculty_id
  FROM teaches
  WHERE course_code IN (
    SELECT course_code
    FROM teaches
    WHERE faculty_id = OLD.faculty_id
  )
  LIMIT 1;

  -- If another faculty is handling the course, update students with the new faculty
  IF new_faculty_id IS NOT NULL THEN
    UPDATE enrollment
    SET faculty_id = new_faculty_id
    WHERE course_code IN (
      SELECT course_code
      FROM teaches
      WHERE faculty_id = OLD.faculty_id
    );
  END IF;
  INSERT INTO trigger_log (message, ts) VALUES (msg, NOW());
END */;;
DELIMITER ;
/*!50003 SET sql_mode              = @saved_sql_mode */ ;
/*!50003 SET character_set_client  = @saved_cs_client */ ;
/*!50003 SET character_set_results = @saved_cs_results */ ;
/*!50003 SET collation_connection  = @saved_col_connection */ ;

--
-- Table structure for table `lab_observation`
--

DROP TABLE IF EXISTS `lab_observation`;
/*!40101 SET @saved_cs_client     = @@character_set_client */;
/*!50503 SET character_set_client = utf8mb4 */;
CREATE TABLE `lab_observation` (
  `student_id` int NOT NULL,
  `course_code` varchar(50) NOT NULL,
  `lab_no` int NOT NULL,
  `marks_out_of_25` int DEFAULT NULL,
  PRIMARY KEY (`student_id`,`course_code`,`lab_no`),
  UNIQUE KEY `student_id` (`student_id`,`course_code`,`lab_no`),
  UNIQUE KEY `student_id_2` (`student_id`,`course_code`,`lab_no`),
  KEY `course_code` (`course_code`),
  CONSTRAINT `lab_observation_ibfk_1` FOREIGN KEY (`student_id`) REFERENCES `student` (`student_id`),
  CONSTRAINT `lab_observation_ibfk_2` FOREIGN KEY (`course_code`) REFERENCES `course` (`course_code`),
  CONSTRAINT `chk_lab_marks` CHECK ((`marks_out_of_25` between 0 and 25))
) ENGINE=InnoDB DEFAULT CHARSET=utf8mb4 COLLATE=utf8mb4_0900_ai_ci;
/*!40101 SET character_set_client = @saved_cs_client */;

--
-- Dumping data for table `lab_observation`
--

LOCK TABLES `lab_observation` WRITE;
/*!40000 ALTER TABLE `lab_observation` DISABLE KEYS */;
INSERT INTO `lab_observation` VALUES (1,'CS101',1,20),(1,'CS102',1,15),(1,'CS102',2,20),(1,'CS102',3,25),(1,'CS102',4,25),(1,'CS103',1,25),(1,'CS103',2,15),(1,'CS103',3,23),(1,'CS103',4,1),(2,'CS101',1,18),(2,'CS101',2,20),(2,'CS101',3,20),(2,'CS101',4,20),(2,'CS104',1,25),(2,'CS104',2,7),(2,'CS104',3,17),(2,'CS104',4,22),(3,'CS102',1,18),(3,'CS102',2,21),(3,'CS102',3,16),(3,'CS102',4,18),(3,'CS108',1,8),(3,'CS108',2,6),(3,'CS108',3,11),(3,'CS108',4,18),(4,'CS107',1,22),(4,'CS107',2,2),(4,'CS107',3,19),(4,'CS107',4,2),(5,'CS102',1,23),(5,'CS102',2,12),(5,'CS102',3,19),(5,'CS102',4,15),(5,'CS103',1,21),(5,'CS103',2,16),(5,'CS103',3,25),(5,'CS103',4,10),(7,'CS105',1,5),(7,'CS105',2,11),(7,'CS105',3,24),(7,'CS105',4,14),(8,'CS101',1,9),(8,'CS101',2,2),(8,'CS101',3,16),(8,'CS101',4,6),(13,'CS103',1,9),(13,'CS103',2,15),(13,'CS103',3,7),(13,'CS103',4,15),(19,'CS106',1,22),(19,'CS106',2,10),(19,'CS106',3,15),(19,'CS106',4,6),(22,'CS107',1,13),(22,'CS107',2,18),(22,'CS107',3,21),(22,'CS107',4,13),(24,'CS104',1,7),(24,'CS104',2,7),(24,'CS104',3,6),(24,'CS104',4,6),(24,'CS107',1,8),(24,'CS107',2,0),(24,'CS107',3,18),(24,'CS107',4,9),(26,'CS102',1,18),(26,'CS102',2,21),(26,'CS102',3,15),(26,'CS102',4,17),(26,'CS103',1,25),(26,'CS103',2,11),(26,'CS103',3,16),(26,'CS103',4,22),(26,'CS106',1,2),(26,'CS106',2,25),(26,'CS106',3,13),(26,'CS106',4,2),(29,'CS105',1,8),(29,'CS105',2,6),(29,'CS105',3,21),(29,'CS105',4,8),(30,'CS102',1,18),(30,'CS102',2,25),(30,'CS102',3,16),(30,'CS102',4,15),(31,'CS103',1,12),(31,'CS103',2,20),(31,'CS103',3,12),(31,'CS103',4,11),(31,'CS108',1,13),(31,'CS108',2,7),(31,'CS108',3,25),(31,'CS108',4,8),(33,'CS106',1,8),(33,'CS106',2,15),(33,'CS106',3,10),(33,'CS106',4,22),(34,'CS104',1,4),(34,'CS104',2,14),(34,'CS104',3,12),(34,'CS104',4,15),(36,'ME101',1,10),(36,'ME101',2,18),(36,'ME101',3,16),(36,'ME101',4,16),(39,'ME102',1,8),(39,'ME102',2,17),(39,'ME102',3,4),(39,'ME102',4,6),(39,'ME105',1,16),(39,'ME105',2,16),(39,'ME105',3,20),(39,'ME105',4,7),(40,'ME105',1,7),(40,'ME105',2,23),(40,'ME105',3,24),(40,'ME105',4,15),(43,'ME102',1,21),(43,'ME102',2,25),(43,'ME102',3,8),(43,'ME102',4,4),(44,'ME102',1,22),(44,'ME102',2,6),(44,'ME102',3,23),(44,'ME102',4,11),(44,'ME105',1,19),(44,'ME105',2,2),(44,'ME105',3,7),(44,'ME105',4,22),(46,'EE105',1,22),(46,'EE105',2,24),(46,'EE105',3,13),(46,'EE105',4,18),(49,'EE107',1,11),(49,'EE107',2,17),(49,'EE107',3,13),(49,'EE107',4,18),(56,'EE101',1,25),(56,'EE101',2,25),(56,'EE101',3,10),(56,'EE101',4,22),(57,'EE107',1,16),(57,'EE107',2,17),(57,'EE107',3,14),(57,'EE107',4,15),(62,'CE102',1,13),(62,'CE102',2,4),(62,'CE102',3,10),(62,'CE102',4,3),(67,'CE103',1,0),(67,'CE103',2,23),(67,'CE103',3,15),(67,'CE103',4,15),(67,'CE106',1,24),(67,'CE106',2,19),(67,'CE106',3,1),(67,'CE106',4,18),(68,'CE105',1,9),(68,'CE105',2,25),(68,'CE105',3,11),(68,'CE105',4,2),(69,'CE103',1,8),(69,'CE103',2,18),(69,'CE103',3,17),(69,'CE103',4,3),(70,'CE104',1,5),(70,'CE104',2,2),(70,'CE104',3,12),(70,'CE104',4,20),(75,'CE104',1,13),(75,'CE104',2,9),(75,'CE104',3,8),(75,'CE104',4,11),(77,'CE105',1,12),(77,'CE105',2,1),(77,'CE105',3,7),(77,'CE105',4,21),(89,'EC105',1,9),(89,'EC105',2,1),(89,'EC105',3,9),(89,'EC105',4,9),(93,'EC104',1,25),(93,'EC104',2,24),(93,'EC104',3,3),(93,'EC104',4,20),(93,'EC105',1,10),(93,'EC105',2,2),(93,'EC105',3,10),(93,'EC105',4,0),(96,'MI103',1,20),(96,'MI103',2,3),(96,'MI103',3,23),(96,'MI103',4,22),(97,'MI101',1,20),(97,'MI101',2,10),(97,'MI101',3,2),(97,'MI101',4,24),(98,'MI102',1,14),(98,'MI102',2,21),(98,'MI102',3,12),(98,'MI102',4,1),(109,'MI104',1,15),(109,'MI104',2,19),(109,'MI104',3,17),(109,'MI104',4,3),(115,'MF103',1,25),(115,'MF103',2,24),(115,'MF103',3,23),(115,'MF103',4,13),(120,'MF104',1,19),(120,'MF104',2,1),(120,'MF104',3,8),(120,'MF104',4,18),(132,'IE104',1,17),(132,'IE104',2,10),(132,'IE104',3,7),(132,'IE104',4,0),(138,'IE103',1,22),(138,'IE103',2,13),(138,'IE103',3,1),(138,'IE103',4,12),(142,'IE104',1,1),(142,'IE104',2,17),(142,'IE104',3,8),(142,'IE104',4,6),(154,'IT102',1,7),(154,'IT102',2,5),(154,'IT102',3,14),(154,'IT102',4,25),(173,'BM103',1,17),(173,'BM103',2,4),(173,'BM103',3,2),(173,'BM103',4,24),(177,'BM101',1,2),(177,'BM101',2,18),(177,'BM101',3,15),(177,'BM101',4,6),(186,'PR104',1,5),(186,'PR104',2,12),(186,'PR104',3,6),(186,'PR104',4,15),(192,'PR103',1,4),(192,'PR103',2,24),(192,'PR103',3,21),(192,'PR103',4,8),(194,'PR103',1,3),(194,'PR103',2,1),(194,'PR103',3,13),(194,'PR103',4,23),(195,'PR102',1,8),(195,'PR102',2,21),(195,'PR102',3,7),(195,'PR102',4,16),(198,'PR102',1,9),(198,'PR102',2,5),(198,'PR102',3,6),(198,'PR102',4,22),(200,'PR101',1,10),(200,'PR101',2,16),(200,'PR101',3,20),(200,'PR101',4,17),(202,'MS103',1,12),(202,'MS103',2,16),(202,'MS103',3,17),(202,'MS103',4,5),(220,'GI101',1,8),(220,'GI101',2,25),(220,'GI101',3,1),(220,'GI101',4,23),(221,'GI101',1,4),(221,'GI101',2,25),(221,'GI101',3,4),(221,'GI101',4,2),(223,'GI101',1,25),(223,'GI101',2,25),(223,'GI101',3,2),(223,'GI101',4,3),(227,'GI101',1,20),(227,'GI101',2,9),(227,'GI101',3,17),(227,'GI101',4,4);
/*!40000 ALTER TABLE `lab_observation` ENABLE KEYS */;
UNLOCK TABLES;
/*!50003 SET @saved_cs_client      = @@character_set_client */ ;
/*!50003 SET @saved_cs_results     = @@character_set_results */ ;
/*!50003 SET @saved_col_connection = @@collation_connection */ ;
/*!50003 SET character_set_client  = utf8mb4 */ ;
/*!50003 SET character_set_results = utf8mb4 */ ;
/*!50003 SET collation_connection  = utf8mb4_0900_ai_ci */ ;
/*!50003 SET @saved_sql_mode       = @@sql_mode */ ;
/*!50003 SET sql_mode              = 'ONLY_FULL_GROUP_BY,STRICT_TRANS_TABLES,NO_ZERO_IN_DATE,NO_ZERO_DATE,ERROR_FOR_DIVISION_BY_ZERO,NO_ENGINE_SUBSTITUTION' */ ;
DELIMITER ;;
/*!50003 CREATE*/ /*!50017 DEFINER=`root`@`localhost`*/ /*!50003 TRIGGER `trg_update_report_after_lab_all` AFTER INSERT ON `lab_observation` FOR EACH ROW BEGIN
    DECLARE msg VARCHAR(50);
    SET msg = CONCAT('Trigger for ', NEW.student_id, ' created');
    CALL UpsertStudentReport(NEW.student_id, NEW.course_code);
    INSERT INTO trigger_log (message, ts) VALUES (msg, NOW());
END */;;
DELIMITER ;
/*!50003 SET sql_mode              = @saved_sql_mode */ ;
/*!50003 SET character_set_client  = @saved_cs_client */ ;
/*!50003 SET character_set_results = @saved_cs_results */ ;
/*!50003 SET collation_connection  = @saved_col_connection */ ;
/*!50003 SET @saved_cs_client      = @@character_set_client */ ;
/*!50003 SET @saved_cs_results     = @@character_set_results */ ;
/*!50003 SET @saved_col_connection = @@collation_connection */ ;
/*!50003 SET character_set_client  = utf8mb4 */ ;
/*!50003 SET character_set_results = utf8mb4 */ ;
/*!50003 SET collation_connection  = utf8mb4_0900_ai_ci */ ;
/*!50003 SET @saved_sql_mode       = @@sql_mode */ ;
/*!50003 SET sql_mode              = 'ONLY_FULL_GROUP_BY,STRICT_TRANS_TABLES,NO_ZERO_IN_DATE,NO_ZERO_DATE,ERROR_FOR_DIVISION_BY_ZERO,NO_ENGINE_SUBSTITUTION' */ ;
DELIMITER ;;
/*!50003 CREATE*/ /*!50017 DEFINER=`root`@`localhost`*/ /*!50003 TRIGGER `trg_update_report_after_lab_all_update` AFTER UPDATE ON `lab_observation` FOR EACH ROW BEGIN
	DECLARE msg VARCHAR(100);
    SET msg = CONCAT('Trigger for updation of', NEW.student_id, ' created');
  CALL UpsertStudentReport(NEW.student_id, NEW.course_code);
  INSERT INTO trigger_log (message, ts) VALUES (msg, NOW());
  
END */;;
DELIMITER ;
/*!50003 SET sql_mode              = @saved_sql_mode */ ;
/*!50003 SET character_set_client  = @saved_cs_client */ ;
/*!50003 SET character_set_results = @saved_cs_results */ ;
/*!50003 SET collation_connection  = @saved_col_connection */ ;
/*!50003 SET @saved_cs_client      = @@character_set_client */ ;
/*!50003 SET @saved_cs_results     = @@character_set_results */ ;
/*!50003 SET @saved_col_connection = @@collation_connection */ ;
/*!50003 SET character_set_client  = utf8mb4 */ ;
/*!50003 SET character_set_results = utf8mb4 */ ;
/*!50003 SET collation_connection  = utf8mb4_0900_ai_ci */ ;
/*!50003 SET @saved_sql_mode       = @@sql_mode */ ;
/*!50003 SET sql_mode              = 'ONLY_FULL_GROUP_BY,STRICT_TRANS_TABLES,NO_ZERO_IN_DATE,NO_ZERO_DATE,ERROR_FOR_DIVISION_BY_ZERO,NO_ENGINE_SUBSTITUTION' */ ;
DELIMITER ;;
/*!50003 CREATE*/ /*!50017 DEFINER=`root`@`localhost`*/ /*!50003 TRIGGER `trg_update_report_after_lab_all_delete` AFTER DELETE ON `lab_observation` FOR EACH ROW BEGIN
	DECLARE msg VARCHAR(100);
    SET msg = CONCAT('Trigger for deletion of', OLD.student_id, ' created');
  CALL UpsertStudentReport(OLD.student_id, OLD.course_code);
  INSERT INTO trigger_log (message, ts) VALUES (msg, NOW());
END */;;
DELIMITER ;
/*!50003 SET sql_mode              = @saved_sql_mode */ ;
/*!50003 SET character_set_client  = @saved_cs_client */ ;
/*!50003 SET character_set_results = @saved_cs_results */ ;
/*!50003 SET collation_connection  = @saved_col_connection */ ;

--
-- Table structure for table `mid_term_exam`
--

DROP TABLE IF EXISTS `mid_term_exam`;
/*!40101 SET @saved_cs_client     = @@character_set_client */;
/*!50503 SET character_set_client = utf8mb4 */;
CREATE TABLE `mid_term_exam` (
  `student_id` int NOT NULL,
  `course_code` varchar(50) NOT NULL,
  `marks_out_of_25` int DEFAULT NULL,
  PRIMARY KEY (`student_id`,`course_code`),
  UNIQUE KEY `student_id` (`student_id`,`course_code`),
  KEY `course_code` (`course_code`),
  CONSTRAINT `mid_term_exam_ibfk_1` FOREIGN KEY (`student_id`) REFERENCES `student` (`student_id`),
  CONSTRAINT `mid_term_exam_ibfk_2` FOREIGN KEY (`course_code`) REFERENCES `course` (`course_code`),
  CONSTRAINT `chk_midterm_marks` CHECK ((`marks_out_of_25` between 0 and 25))
) ENGINE=InnoDB DEFAULT CHARSET=utf8mb4 COLLATE=utf8mb4_0900_ai_ci;
/*!40101 SET character_set_client = @saved_cs_client */;

--
-- Dumping data for table `mid_term_exam`
--

LOCK TABLES `mid_term_exam` WRITE;
/*!40000 ALTER TABLE `mid_term_exam` DISABLE KEYS */;
INSERT INTO `mid_term_exam` VALUES (1,'CS101',20),(1,'CS102',25),(1,'CS103',4),(2,'CS101',20),(2,'CS104',21),(3,'CS102',25),(3,'CS108',15),(4,'CS107',24),(5,'CS102',25),(5,'CS103',12),(7,'CS105',14),(8,'CS101',20),(13,'CS103',21),(19,'CS106',6),(22,'CS107',14),(24,'CS104',19),(24,'CS107',7),(26,'CS102',19),(26,'CS103',15),(26,'CS106',23),(29,'CS105',24),(30,'CS102',25),(31,'CS103',10),(31,'CS108',1),(33,'CS106',6),(34,'CS104',15),(36,'ME101',17),(39,'ME102',9),(39,'ME105',15),(40,'ME105',9),(43,'ME102',14),(44,'ME102',4),(44,'ME105',4),(46,'EE105',4),(49,'EE107',24),(56,'EE101',16),(57,'EE107',21),(62,'CE102',23),(67,'CE103',19),(67,'CE106',2),(68,'CE105',4),(69,'CE103',0),(70,'CE104',24),(75,'CE104',3),(77,'CE105',23),(89,'EC105',15),(93,'EC104',13),(93,'EC105',3),(96,'MI103',3),(97,'MI101',0),(98,'MI102',17),(109,'MI104',24),(115,'MF103',9),(120,'MF104',14),(132,'IE104',21),(138,'IE103',0),(142,'IE104',24),(154,'IT102',5),(173,'BM103',19),(177,'BM101',13),(186,'PR104',16),(192,'PR103',15),(194,'PR103',13),(195,'PR102',25),(198,'PR102',24),(200,'PR101',4),(202,'MS103',10),(220,'GI101',1),(221,'GI101',1),(223,'GI101',24),(227,'GI101',17);
/*!40000 ALTER TABLE `mid_term_exam` ENABLE KEYS */;
UNLOCK TABLES;
/*!50003 SET @saved_cs_client      = @@character_set_client */ ;
/*!50003 SET @saved_cs_results     = @@character_set_results */ ;
/*!50003 SET @saved_col_connection = @@collation_connection */ ;
/*!50003 SET character_set_client  = utf8mb4 */ ;
/*!50003 SET character_set_results = utf8mb4 */ ;
/*!50003 SET collation_connection  = utf8mb4_0900_ai_ci */ ;
/*!50003 SET @saved_sql_mode       = @@sql_mode */ ;
/*!50003 SET sql_mode              = 'ONLY_FULL_GROUP_BY,STRICT_TRANS_TABLES,NO_ZERO_IN_DATE,NO_ZERO_DATE,ERROR_FOR_DIVISION_BY_ZERO,NO_ENGINE_SUBSTITUTION' */ ;
DELIMITER ;;
/*!50003 CREATE*/ /*!50017 DEFINER=`root`@`localhost`*/ /*!50003 TRIGGER `trg_update_report_after_midterm_all` AFTER INSERT ON `mid_term_exam` FOR EACH ROW BEGIN
  DECLARE msg VARCHAR(100);
    SET msg = CONCAT('Trigger for ', NEW.student_id, ' created');
  CALL UpsertStudentReport(NEW.student_id, NEW.course_code);
  INSERT INTO trigger_log (message, ts) VALUES (msg, NOW());
  
END */;;
DELIMITER ;
/*!50003 SET sql_mode              = @saved_sql_mode */ ;
/*!50003 SET character_set_client  = @saved_cs_client */ ;
/*!50003 SET character_set_results = @saved_cs_results */ ;
/*!50003 SET collation_connection  = @saved_col_connection */ ;
/*!50003 SET @saved_cs_client      = @@character_set_client */ ;
/*!50003 SET @saved_cs_results     = @@character_set_results */ ;
/*!50003 SET @saved_col_connection = @@collation_connection */ ;
/*!50003 SET character_set_client  = utf8mb4 */ ;
/*!50003 SET character_set_results = utf8mb4 */ ;
/*!50003 SET collation_connection  = utf8mb4_0900_ai_ci */ ;
/*!50003 SET @saved_sql_mode       = @@sql_mode */ ;
/*!50003 SET sql_mode              = 'ONLY_FULL_GROUP_BY,STRICT_TRANS_TABLES,NO_ZERO_IN_DATE,NO_ZERO_DATE,ERROR_FOR_DIVISION_BY_ZERO,NO_ENGINE_SUBSTITUTION' */ ;
DELIMITER ;;
/*!50003 CREATE*/ /*!50017 DEFINER=`root`@`localhost`*/ /*!50003 TRIGGER `trg_update_report_after_midterm_all_update` AFTER UPDATE ON `mid_term_exam` FOR EACH ROW BEGIN
  DECLARE msg VARCHAR(100);
    SET msg = CONCAT('Trigger for updation of', NEW.student_id, ' created');
  CALL UpsertStudentReport(NEW.student_id, NEW.course_code);
  INSERT INTO trigger_log (message, ts) VALUES (msg, NOW());
  
END */;;
DELIMITER ;
/*!50003 SET sql_mode              = @saved_sql_mode */ ;
/*!50003 SET character_set_client  = @saved_cs_client */ ;
/*!50003 SET character_set_results = @saved_cs_results */ ;
/*!50003 SET collation_connection  = @saved_col_connection */ ;
/*!50003 SET @saved_cs_client      = @@character_set_client */ ;
/*!50003 SET @saved_cs_results     = @@character_set_results */ ;
/*!50003 SET @saved_col_connection = @@collation_connection */ ;
/*!50003 SET character_set_client  = utf8mb4 */ ;
/*!50003 SET character_set_results = utf8mb4 */ ;
/*!50003 SET collation_connection  = utf8mb4_0900_ai_ci */ ;
/*!50003 SET @saved_sql_mode       = @@sql_mode */ ;
/*!50003 SET sql_mode              = 'ONLY_FULL_GROUP_BY,STRICT_TRANS_TABLES,NO_ZERO_IN_DATE,NO_ZERO_DATE,ERROR_FOR_DIVISION_BY_ZERO,NO_ENGINE_SUBSTITUTION' */ ;
DELIMITER ;;
/*!50003 CREATE*/ /*!50017 DEFINER=`root`@`localhost`*/ /*!50003 TRIGGER `trg_update_report_after_midterm_all_delete` AFTER DELETE ON `mid_term_exam` FOR EACH ROW BEGIN
	DECLARE msg VARCHAR(100);
    SET msg = CONCAT('Trigger for deletion of', old.student_id, ' created');
  CALL UpsertStudentReport(OLD.student_id, OLD.course_code);
  INSERT INTO trigger_log (message, ts) VALUES (msg, NOW());
END */;;
DELIMITER ;
/*!50003 SET sql_mode              = @saved_sql_mode */ ;
/*!50003 SET character_set_client  = @saved_cs_client */ ;
/*!50003 SET character_set_results = @saved_cs_results */ ;
/*!50003 SET collation_connection  = @saved_col_connection */ ;

--
-- Table structure for table `report`
--

DROP TABLE IF EXISTS `report`;
/*!40101 SET @saved_cs_client     = @@character_set_client */;
/*!50503 SET character_set_client = utf8mb4 */;
CREATE TABLE `report` (
  `report_id` int NOT NULL AUTO_INCREMENT,
  `student_id` int DEFAULT NULL,
  `generated_date` date DEFAULT NULL,
  `total_marks` decimal(6,2) DEFAULT NULL,
  `course_code` varchar(50) DEFAULT NULL,
  PRIMARY KEY (`report_id`),
  UNIQUE KEY `unique_student_course` (`student_id`,`course_code`),
  UNIQUE KEY `course_code_2` (`course_code`,`student_id`),
  KEY `course_code` (`course_code`),
  CONSTRAINT `report_fk_course` FOREIGN KEY (`course_code`) REFERENCES `course` (`course_code`) ON DELETE CASCADE,
  CONSTRAINT `report_fk_student` FOREIGN KEY (`student_id`) REFERENCES `student` (`student_id`),
  CONSTRAINT `chk_report_marks` CHECK ((`total_marks` >= 0))
) ENGINE=InnoDB AUTO_INCREMENT=4982 DEFAULT CHARSET=utf8mb4 COLLATE=utf8mb4_0900_ai_ci;
/*!40101 SET character_set_client = @saved_cs_client */;

--
-- Dumping data for table `report`
--

LOCK TABLES `report` WRITE;
/*!40000 ALTER TABLE `report` DISABLE KEYS */;
INSERT INTO `report` VALUES (3,2,'2025-04-26',74.25,'CS104'),(5,3,'2025-04-26',47.25,'CS108'),(7,4,'2025-04-26',57.75,'CS107'),(12,7,'2025-04-26',54.50,'CS105'),(24,19,'2025-04-26',45.75,'CS106'),(26,22,'2025-04-26',62.75,'CS107'),(30,24,'2025-04-26',38.50,'CS104'),(31,24,'2025-04-26',33.25,'CS107'),(35,26,'2025-04-26',54.50,'CS106'),(38,29,'2025-04-26',56.25,'CS105'),(41,31,'2025-04-26',40.75,'CS108'),(45,33,'2025-04-26',47.25,'CS106'),(46,34,'2025-04-26',48.75,'CS104'),(57,39,'2025-04-26',59.25,'ME105'),(62,44,'2025-04-26',41.50,'ME105'),(64,46,'2025-04-26',61.75,'EE105'),(70,49,'2025-04-26',68.25,'EE107'),(76,56,'2025-04-26',77.50,'EE101'),(77,57,'2025-04-26',67.50,'EE107'),(81,67,'2025-04-26',58.75,'CE103'),(82,67,'2025-04-26',48.50,'CE106'),(84,68,'2025-04-26',39.25,'CE105'),(87,69,'2025-04-26',34.50,'CE103'),(88,70,'2025-04-26',53.25,'CE104'),(91,75,'2025-04-26',33.75,'CE104'),(92,77,'2025-04-26',53.75,'CE105'),(107,89,'2025-04-26',36.00,'EC105'),(109,93,'2025-04-26',67.00,'EC104'),(110,93,'2025-04-26',19.50,'EC105'),(267,1,'2025-04-26',80.00,'CS101'),(268,1,'2025-04-26',52.00,'CS103'),(269,8,'2025-04-26',44.75,'CS101'),(270,13,'2025-04-26',55.50,'CS103'),(281,3,'2025-04-26',79.75,'CS102'),(282,5,'2025-04-26',76.75,'CS102'),(283,26,'2025-04-26',72.25,'CS102'),(292,36,'2025-04-26',62.00,'ME101'),(298,39,'2025-04-26',35.25,'ME102'),(299,44,'2025-04-26',50.50,'ME102'),(307,30,'2025-04-26',80.50,'CS102'),(310,5,'2025-04-26',66.00,'CS103'),(311,26,'2025-04-26',70.50,'CS103'),(312,31,'2025-04-26',51.25,'CS103'),(320,43,'2025-04-26',57.50,'ME102'),(351,97,'2025-04-26',42.00,'MI101'),(352,109,'2025-04-26',64.50,'MI104'),(408,177,'2025-04-26',43.75,'BM101'),(420,200,'2025-04-26',51.25,'PR101'),(447,220,'2025-04-26',43.75,'GI101'),(448,221,'2025-04-26',27.25,'GI101'),(449,223,'2025-04-26',65.25,'GI101'),(450,227,'2025-04-26',54.50,'GI101'),(457,40,'2025-04-26',60.75,'ME105'),(500,62,'2025-04-26',45.50,'CE102'),(507,98,'2025-04-26',53.00,'MI102'),(518,96,'2025-04-26',54.00,'MI103'),(532,115,'2025-04-26',72.75,'MF103'),(540,120,'2025-04-26',48.50,'MF104'),(559,138,'2025-04-26',36.00,'IE103'),(573,132,'2025-04-26',46.50,'IE104'),(574,142,'2025-04-26',48.00,'IE104'),(590,154,'2025-04-26',43.25,'IT102'),(633,173,'2025-04-26',54.25,'BM103'),(654,195,'2025-04-26',64.00,'PR102'),(655,198,'2025-04-26',55.50,'PR102'),(665,192,'2025-04-26',57.75,'PR103'),(666,194,'2025-04-26',43.00,'PR103'),(673,186,'2025-04-26',44.50,'PR104'),(697,202,'2025-04-26',47.50,'MS103'),(710,2,'2025-04-26',78.50,'CS101'),(712,1,'2025-04-26',88.75,'CS102');
/*!40000 ALTER TABLE `report` ENABLE KEYS */;
UNLOCK TABLES;

--
-- Table structure for table `student`
--

DROP TABLE IF EXISTS `student`;
/*!40101 SET @saved_cs_client     = @@character_set_client */;
/*!50503 SET character_set_client = utf8mb4 */;
CREATE TABLE `student` (
  `student_id` int NOT NULL AUTO_INCREMENT,
  `student_name` varchar(255) NOT NULL,
  `dob` date NOT NULL,
  `gender` enum('Male','Female','Other') NOT NULL,
  `house_name` varchar(255) DEFAULT NULL,
  `place` varchar(255) DEFAULT NULL,
  `city` varchar(255) DEFAULT NULL,
  `s_phone_no` varchar(15) DEFAULT NULL,
  `department_id` int DEFAULT NULL,
  PRIMARY KEY (`student_id`),
  KEY `department_id` (`department_id`),
  CONSTRAINT `student_ibfk_2` FOREIGN KEY (`department_id`) REFERENCES `department` (`department_id`),
  CONSTRAINT `chk_student_gender` CHECK ((`gender` in (_utf8mb4'Male',_utf8mb4'Female',_utf8mb4'Others')))
) ENGINE=InnoDB AUTO_INCREMENT=234 DEFAULT CHARSET=utf8mb4 COLLATE=utf8mb4_0900_ai_ci;
/*!40101 SET character_set_client = @saved_cs_client */;

--
-- Dumping data for table `student`
--

LOCK TABLES `student` WRITE;
/*!40000 ALTER TABLE `student` DISABLE KEYS */;
INSERT INTO `student` VALUES (1,'Arun Kumar','2003-05-12','Male','Sri Illam','T. Nagar','Chennai','9876543210',1),(2,'Deepika R','2002-09-25','Female','Lakshmi Nivas','Gandhipuram','Coimbatore','9786541230',1),(3,'Surya Prakash','2004-01-17','Male','Sundaram Villa','KK Nagar','Madurai','9865214785',1),(4,'Vishnu Priya','2003-03-08','Female','Murugan Illam','Velachery','Chennai','9756482310',1),(5,'Karthikeyan M','2002-07-19','Male','Anbu Illam','Gopalapuram','Tiruchirapalli','9987412563',1),(6,'Sanjana R','2003-11-11','Female','Kavitha Nest','R.S. Puram','Coimbatore','9812345678',1),(7,'Harish V','2004-04-05','Male','Ganesh Nivas','Simmakkal','Madurai','9765423120',1),(8,'Meera S','2003-02-28','Female','Shanthi Villa','Mogappair','Chennai','9845321678',1),(9,'Venkatesh R','2002-12-09','Male','Balaji Illam','Anna Nagar','Chennai','9823765412',1),(10,'Priya Dharshini','2004-06-21','Female','Saraswathi Illam','Race Course','Coimbatore','9776543120',1),(11,'Ramesh K','2003-08-15','Male','Subha Villa','Periyar Nagar','Erode','9741236548',1),(12,'Anjali V','2002-05-30','Female','Anand Illam','Tambaram','Chennai','9821453768',1),(13,'Gokul Raj','2004-03-27','Male','Krishna Nivas','Saibaba Colony','Coimbatore','9765238741',1),(14,'Harini M','2003-09-10','Female','Lakshmi Villa','Thillai Nagar','Tiruchirapalli','9814563270',1),(15,'Vivek Raj','2002-12-05','Male','Muthu Illam','Ramanathapuram','Madurai','9842567310',1),(16,'Ananya S','2003-07-14','Female','Geetha Nivas','Sathy Road','Erode','9756321487',1),(17,'Sathish K','2004-01-08','Male','Krishna Illam','Ukkadam','Coimbatore','9785236412',1),(18,'Revathi P','2003-06-18','Female','Vetri Nest','West Mambalam','Chennai','9874523160',1),(19,'Kiran M','2002-11-26','Male','Lakshmi Illam','Anna Salai','Chennai','9845123670',1),(20,'Neha V','2003-10-07','Female','Anbu Villa','Ram Nagar','Tirunelveli','9823654178',1),(21,'Kavitha R','2002-08-23','Female','Murugan Villa','Peelamedu','Coimbatore','9736542810',1),(22,'Dinesh P','2003-12-12','Male','Meena Illam','Alandur','Chennai','9871236540',1),(23,'Swetha S','2004-02-22','Female','Rajesh Nivas','Town Hall','Coimbatore','9827456321',1),(24,'Naveen K','2002-10-17','Male','Balaji Nest','TVS Nagar','Madurai','9732146589',1),(25,'Rohit Sharma','2003-05-15','Male','Gokul Dham','Whitefield','Bangalore','9745632148',1),(26,'Sneha T','2004-06-21','Female','Sai Residency','Ameerpet','Hyderabad','9845127365',1),(27,'Arjun R','2002-07-08','Male','Keshav Illam','Malleswaram','Bangalore','9784563127',1),(28,'Sanya P','2003-04-03','Female','Sundaram Nivas','Sector 14','Delhi','9874532160',1),(29,'Mohammed A','2002-11-29','Male','Noor Manzil','Charminar','Hyderabad','9862145732',1),(30,'Yamini R','2003-07-30','Female','Divya Illam','Sungam','Coimbatore','9812345674',1),(31,'Manoj S','2004-01-02','Male','Vijay Villa','Guindy','Chennai','9745632187',1),(32,'Aishwarya M','2002-12-13','Female','Priya Nest','Ambattur','Chennai','9784512369',1),(33,'Bharath K','2003-06-28','Male','Deepa Villa','Avinashi Road','Coimbatore','9845127398',1),(34,'Ramya D','2004-02-18','Female','Janaki Nivas','Mogappair','Chennai','9723654871',1),(35,'Krishna V','2002-09-23','Male','Guru Kripa','Mylapore','Chennai','9812354789',1),(36,'Karthik R','2003-05-12','Male','Sree Illam','Velachery','Chennai','9876543201',2),(37,'Anjali S','2002-11-25','Female','Lakshmi Villa','Gandhipuram','Coimbatore','9764125893',2),(38,'Vignesh P','2004-01-10','Male','Murugan Nivas','Anna Nagar','Madurai','9847561230',2),(39,'Sneha M','2003-07-15','Female','Vetri Villa','Peelamedu','Coimbatore','9745632147',2),(40,'Arun K','2002-09-30','Male','Sundaram Residency','Tambaram','Chennai','9812365478',2),(41,'Priya D','2004-03-22','Female','Anbu Illam','Thillai Nagar','Tiruchirapalli','9874123650',2),(42,'Suresh V','2003-08-18','Male','Krishna Krupa','R.S. Puram','Coimbatore','9745123687',2),(43,'Deepika R','2002-12-05','Female','Balaji Nivas','Ukkadam','Coimbatore','9814572360',2),(44,'Manoj K','2003-06-09','Male','Geetha Illam','Periyar Nagar','Erode','9856247132',2),(45,'Aishwarya N','2004-02-27','Female','Sri Villa','Race Course','Coimbatore','9726415380',2),(46,'Rahul S','2003-04-14','Male','Ananda Illam','Adyar','Chennai','9845123678',3),(47,'Divya R','2002-10-25','Female','Lakshmi Nivas','Gandhipuram','Coimbatore','9754126389',3),(48,'Sathish K','2003-06-19','Male','Murugan Illam','Thillai Nagar','Tiruchirapalli','9823654781',3),(49,'Meena S','2004-01-05','Female','Balaji Villa','Anna Nagar','Madurai','9745123680',3),(50,'Vivek M','2003-09-30','Male','Krishna Krupa','Peelamedu','Coimbatore','9812457632',3),(51,'Harini P','2002-12-12','Female','Sri Villa','Tambaram','Chennai','9876543202',3),(52,'Kiran V','2003-07-18','Male','Vetri Illam','R.S. Puram','Coimbatore','9754126358',3),(53,'Sneha D','2002-11-02','Female','Anbu Nivas','Periyar Nagar','Erode','9812564730',3),(54,'Aravind K','2003-05-28','Male','Sundaram Residency','Ukkadam','Coimbatore','9745123681',3),(55,'Nithya S','2004-03-14','Female','Lakshmi Illam','Race Course','Coimbatore','9874123651',3),(56,'Gokul P','2003-08-20','Male','Murugan Nivas','Velachery','Chennai','9823547681',3),(57,'Ananya M','2002-09-10','Female','Geetha Villa','Gandhipuram','Coimbatore','9812457623',3),(58,'Ramesh T','2003-07-05','Male','Sree Krupa','Anna Nagar','Madurai','9754123685',3),(59,'Keerthana V','2004-01-29','Female','Balaji Illam','Thillai Nagar','Tiruchirapalli','9745632187',3),(60,'Dinesh K','2003-06-23','Male','Sri Residency','Peelamedu','Coimbatore','9812574638',3),(61,'Vikram A','2003-02-14','Male','Ananda Illam','Adyar','Chennai','9845236789',4),(62,'Sandhya R','2002-10-20','Female','Lakshmi Villa','Peelamedu','Coimbatore','9768542136',4),(63,'Karthikeyan P','2003-07-12','Male','Murugan Nivas','Anna Nagar','Madurai','9823471658',4),(64,'Priyanka S','2004-01-30','Female','Vetri Illam','Thillai Nagar','Tiruchirapalli','9745623148',4),(65,'Gautam K','2003-09-25','Male','Sundaram Residency','Tambaram','Chennai','9812347652',4),(66,'Harsha N','2002-12-08','Female','Sri Villa','Gandhipuram','Coimbatore','9876523145',4),(67,'Suresh R','2003-08-19','Male','Krishna Krupa','Ukkadam','Coimbatore','9745123682',4),(68,'Deepa M','2002-11-03','Female','Balaji Nivas','Periyar Nagar','Erode','9812347685',4),(69,'Manikandan T','2003-05-22','Male','Geetha Illam','Race Course','Coimbatore','9756412389',4),(70,'Aishwarya J','2004-02-27','Female','Sree Residency','Velachery','Chennai','9726541328',4),(71,'Vivekanand P','2003-06-10','Male','Murugan Nivas','Adyar','Chennai','9812347651',4),(72,'Meghana S','2002-09-18','Female','Anbu Illam','Peelamedu','Coimbatore','9745632185',4),(73,'Naveen R','2003-07-02','Male','Krishna Krupa','Anna Nagar','Madurai','9812574639',4),(74,'Keerthi D','2004-01-15','Female','Lakshmi Illam','Thillai Nagar','Tiruchirapalli','9874123659',4),(75,'Dharshan K','2003-05-28','Male','Balaji Villa','Gandhipuram','Coimbatore','9745632181',4),(76,'Sonia T','2002-12-21','Female','Sri Krupa','Ukkadam','Coimbatore','9723645182',4),(77,'Ajay M','2003-08-14','Male','Geetha Nivas','Periyar Nagar','Erode','9812547632',4),(78,'Kavitha R','2002-11-26','Female','Anbu Residency','Race Course','Coimbatore','9754126378',4),(79,'Rajesh S','2003-06-05','Male','Murugan Illam','Velachery','Chennai','9874123698',4),(80,'Shreya P','2004-02-10','Female','Sree Villa','Tambaram','Chennai','9812365479',4),(81,'Aravind K','2003-04-18','Male','Sundaram Villa','Adyar','Chennai','9845123789',5),(82,'Swathi R','2002-09-12','Female','Lakshmi Illam','RS Puram','Coimbatore','9768543126',5),(83,'Mohan P','2003-06-25','Male','Vetri Nivas','Anna Nagar','Madurai','9823471268',5),(84,'Divya S','2004-01-20','Female','Geetha Villa','Thillai Nagar','Tiruchirapalli','9745632894',5),(85,'Karthik N','2003-07-30','Male','Murugan Krupa','Tambaram','Chennai','9812374568',5),(86,'Anjali T','2002-11-15','Female','Sree Residency','Gandhipuram','Coimbatore','9874562135',5),(87,'Sathish R','2003-08-08','Male','Krishna Illam','Ukkadam','Coimbatore','9742153682',5),(88,'Harini M','2002-12-05','Female','Balaji Nivas','Periyar Nagar','Erode','9812347682',5),(89,'Surya K','2003-05-28','Male','Geetha Residency','Race Course','Coimbatore','9756423189',5),(90,'Aarthi J','2004-02-14','Female','Sree Villa','Velachery','Chennai','9726541327',5),(91,'Vishal P','2003-06-11','Male','Murugan Nivas','Adyar','Chennai','9812347650',5),(92,'Pavithra S','2002-09-19','Female','Anbu Illam','Peelamedu','Coimbatore','9745632184',5),(93,'Sandeep R','2003-07-03','Male','Krishna Krupa','Anna Nagar','Madurai','9812574638',5),(94,'Keerthana D','2004-01-16','Female','Lakshmi Illam','Thillai Nagar','Tiruchirapalli','9874123658',5),(95,'Ganesh K','2003-05-29','Male','Balaji Villa','Gandhipuram','Coimbatore','9745632180',5),(96,'Raghav M','2003-03-12','Male','Sri Krishna Nivas','Velachery','Chennai','9845123456',6),(97,'Sneha R','2002-08-24','Female','Lakshmi Illam','Gandhipuram','Coimbatore','9784563210',6),(98,'Vignesh K','2003-05-16','Male','Murugan Krupa','Anna Nagar','Madurai','9823471256',6),(99,'Harshitha T','2004-02-08','Female','Geetha Villa','Thillai Nagar','Tiruchirapalli','9745632198',6),(100,'Ramesh P','2003-06-30','Male','Anbu Illam','Tambaram','Chennai','9812374560',6),(101,'Meera S','2002-11-10','Female','Balaji Nivas','RS Puram','Coimbatore','9874562134',6),(102,'Arjun R','2003-09-14','Male','Krishna Residency','Ukkadam','Coimbatore','9742153689',6),(103,'Swetha M','2002-12-20','Female','Sri Villa','Periyar Nagar','Erode','9812347681',6),(104,'Dinesh K','2003-04-25','Male','Geetha Residency','Race Course','Coimbatore','9756423187',6),(105,'Aishwarya J','2004-01-05','Female','Sree Villa','Velachery','Chennai','9726541328',6),(106,'Karthikeyan S','2003-07-09','Male','Murugan Nivas','Adyar','Chennai','9812347651',6),(107,'Pooja R','2002-09-28','Female','Anbu Illam','Peelamedu','Coimbatore','9745632189',6),(108,'Sathish R','2003-08-12','Male','Krishna Krupa','Anna Nagar','Madurai','9812574637',6),(109,'Keerthi D','2004-02-16','Female','Lakshmi Illam','Thillai Nagar','Tiruchirapalli','9874123657',6),(110,'Manoj K','2003-05-29','Male','Balaji Villa','Gandhipuram','Coimbatore','9745632185',6),(111,'Suresh K','2003-03-18','Male','Sri Krishna Illam','Velachery','Chennai','9845123488',7),(112,'Divya R','2002-07-22','Female','Lakshmi Nivas','Gandhipuram','Coimbatore','9784563245',7),(113,'Aravind B','2003-05-10','Male','Murugan Villa','Anna Nagar','Madurai','9823471299',7),(114,'Priya S','2004-02-05','Female','Geetha Residency','Thillai Nagar','Tiruchirapalli','9745632190',7),(115,'Vasanth P','2003-06-27','Male','Anbu Krupa','Tambaram','Chennai','9812374571',7),(116,'Meenakshi T','2002-11-08','Female','Balaji Villa','RS Puram','Coimbatore','9874562187',7),(117,'Mohan R','2003-09-12','Male','Krishna Nivas','Ukkadam','Coimbatore','9742153675',7),(118,'Sindhu M','2002-12-18','Female','Sri Illam','Periyar Nagar','Erode','9812347685',7),(119,'Karthik S','2003-04-23','Male','Geetha Residency','Race Course','Coimbatore','9756423199',7),(120,'Harini J','2004-01-02','Female','Sree Krupa','Velachery','Chennai','9726541387',7),(121,'Rajesh K','2003-07-07','Male','Murugan Illam','Adyar','Chennai','9812347643',7),(122,'Pavithra R','2002-09-24','Female','Anbu Residency','Peelamedu','Coimbatore','9745632195',7),(123,'Sakthivel R','2003-08-14','Male','Krishna Krupa','Anna Nagar','Madurai','9812574621',7),(124,'Keerthana D','2004-02-12','Female','Lakshmi Nivas','Thillai Nagar','Tiruchirapalli','9874123679',7),(125,'Manikandan K','2003-05-25','Male','Balaji Illam','Gandhipuram','Coimbatore','9745632192',7),(126,'Anitha M','2002-10-30','Female','Sri Villa','Salem','Salem','9812347655',7),(127,'Vikram P','2003-01-18','Male','Geetha Residency','Thanjavur','Thanjavur','9756423178',7),(128,'Gayathri R','2002-06-09','Female','Murugan Krupa','Karur','Karur','9726541399',7),(129,'Senthil K','2003-03-07','Male','Sree Illam','Madurai','Madurai','9812347699',7),(130,'Deepika T','2004-05-21','Female','Anbu Villa','Trichy','Tiruchirapalli','9745632100',7),(131,'Ramesh V','2003-04-15','Male','Sri Krishna Illam','Adyar','Chennai','9845123490',8),(132,'Swetha K','2002-08-20','Female','Lakshmi Nivas','Gandhipuram','Coimbatore','9784563250',8),(133,'Gokul N','2003-05-05','Male','Murugan Villa','Anna Nagar','Madurai','9823471200',8),(134,'Revathi M','2004-02-10','Female','Geetha Residency','Thillai Nagar','Tiruchirapalli','9745632201',8),(135,'Karthikeyan B','2003-07-25','Male','Anbu Krupa','Tambaram','Chennai','9812374582',8),(136,'Sangeetha R','2002-10-18','Female','Balaji Villa','RS Puram','Coimbatore','9874562193',8),(137,'Madhavan P','2003-09-30','Male','Krishna Nivas','Ukkadam','Coimbatore','9742153684',8),(138,'Aishwarya S','2002-12-08','Female','Sri Illam','Periyar Nagar','Erode','9812347692',8),(139,'Dinesh K','2003-06-17','Male','Geetha Residency','Race Course','Coimbatore','9756423203',8),(140,'Harshini J','2004-01-27','Female','Sree Krupa','Velachery','Chennai','9726541395',8),(141,'Vikash R','2003-07-09','Male','Murugan Illam','Adyar','Chennai','9812347652',8),(142,'Praveena R','2002-09-14','Female','Anbu Residency','Peelamedu','Coimbatore','9745632205',8),(143,'Sathish M','2003-08-04','Male','Krishna Krupa','Anna Nagar','Madurai','9812574631',8),(144,'Kavitha T','2004-02-15','Female','Lakshmi Nivas','Thillai Nagar','Tiruchirapalli','9874123689',8),(145,'Ravi S','2003-05-28','Male','Balaji Illam','Gandhipuram','Coimbatore','9745632208',8),(146,'Janani M','2002-11-03','Female','Sri Villa','Salem','Salem','9812347659',8),(147,'Manoj K','2003-01-12','Male','Geetha Residency','Thanjavur','Thanjavur','9756423189',8),(148,'Pooja R','2002-06-20','Female','Murugan Krupa','Karur','Karur','9726541401',8),(149,'Surya K','2003-03-02','Male','Sree Illam','Madurai','Madurai','9812347695',8),(150,'Deepa V','2004-05-11','Female','Anbu Villa','Trichy','Tiruchirapalli','9745632115',8),(151,'Vignesh R','2003-03-25','Male','Sri Krishna Illam','Velachery','Chennai','9845123401',9),(152,'Meena S','2002-09-12','Female','Lakshmi Nivas','Peelamedu','Coimbatore','9784563251',9),(153,'Aravind B','2003-07-18','Male','Murugan Villa','Kavundampalayam','Coimbatore','9823471202',9),(154,'Priyanka M','2004-02-22','Female','Geetha Residency','Thillai Nagar','Tiruchirapalli','9745632203',9),(155,'Gokul V','2003-05-07','Male','Anbu Krupa','Tambaram','Chennai','9812374583',9),(156,'Shruti K','2002-10-19','Female','Balaji Villa','RS Puram','Coimbatore','9874562194',9),(157,'Naveen P','2003-08-31','Male','Krishna Nivas','Ukkadam','Coimbatore','9742153685',9),(158,'Sandhya R','2002-12-05','Female','Sri Illam','Periyar Nagar','Erode','9812347693',9),(159,'Karthik T','2003-06-16','Male','Geetha Residency','Race Course','Coimbatore','9756423204',9),(160,'Haritha J','2004-01-28','Female','Sree Krupa','Velachery','Chennai','9726541396',9),(161,'Vasanth R','2003-07-09','Male','Murugan Illam','Adyar','Chennai','9812347653',9),(162,'Ramya P','2002-09-14','Female','Anbu Residency','Peelamedu','Coimbatore','9745632206',9),(163,'Bala M','2003-08-04','Male','Krishna Krupa','Anna Nagar','Madurai','9812574632',9),(164,'Keerthana T','2004-02-15','Female','Lakshmi Nivas','Thillai Nagar','Tiruchirapalli','9874123690',9),(165,'Pranav S','2003-05-28','Male','Balaji Illam','Gandhipuram','Coimbatore','9745632209',9),(166,'Rajesh K','2003-02-15','Male','Sri Krishna Illam','Anna Nagar','Chennai','9845123466',10),(167,'Swathi R','2002-08-25','Female','Lakshmi Nivas','Gandhipuram','Coimbatore','9784563281',10),(168,'Dinesh M','2003-06-10','Male','Murugan Villa','Thillai Nagar','Tiruchirapalli','9823471282',10),(169,'Priya S','2004-03-22','Female','Geetha Residency','Salem Main Road','Salem','9745632293',10),(170,'Karthik V','2003-04-07','Male','Anbu Krupa','Tambaram','Chennai','9812374587',10),(171,'Megha K','2002-11-19','Female','Balaji Villa','Madurai Main Road','Madurai','9874562144',10),(172,'Surya P','2003-05-31','Male','Krishna Nivas','Peelamedu','Coimbatore','9742153681',10),(173,'Sandhya M','2002-10-05','Female','Sri Illam','Ukkadam','Coimbatore','9812347699',10),(174,'Arjun T','2003-07-16','Male','Geetha Residency','Anna Nagar','Madurai','9756423244',10),(175,'Nisha J','2004-01-28','Female','Sree Krupa','Velachery','Chennai','9726541326',10),(176,'Vignesh R','2003-08-09','Male','Murugan Illam','Adyar','Chennai','9812347651',10),(177,'Ananya P','2002-09-14','Female','Anbu Residency','Race Course','Coimbatore','9745632216',10),(178,'Bala S','2003-08-04','Male','Krishna Krupa','Anna Nagar','Madurai','9812574622',10),(179,'Keerthana R','2004-02-15','Female','Lakshmi Nivas','Thillai Nagar','Tiruchirapalli','9874123698',10),(180,'Pranav K','2003-05-28','Male','Balaji Illam','Gandhipuram','Coimbatore','9745632205',10),(181,'Harsha T','2003-07-12','Male','Sri Residency','Vadapalani','Chennai','9812376543',10),(182,'Divya S','2002-06-24','Female','Anbu Villa','RS Puram','Coimbatore','9725632147',10),(183,'Gautam R','2003-03-18','Male','Murugan Illam','Periyar Nagar','Erode','9813245689',10),(184,'Lakshmi K','2002-12-05','Female','Krishna Residency','Peelamedu','Coimbatore','9754213684',10),(185,'Suraj P','2003-09-14','Male','Geetha Krupa','Avadi','Chennai','9745632278',10),(186,'Arun K','2003-02-11','Male','Sri Krishna Illam','Anna Nagar','Chennai','9845123451',11),(187,'Harini S','2002-09-21','Female','Lakshmi Nivas','Gandhipuram','Coimbatore','9784563201',11),(188,'Mohan R','2003-06-17','Male','Murugan Villa','Thillai Nagar','Tiruchirapalli','9823471258',11),(189,'Priyanka V','2004-03-29','Female','Geetha Residency','Salem Main Road','Salem','9745632291',11),(190,'Karthik T','2003-04-05','Male','Anbu Krupa','Tambaram','Chennai','9812374590',11),(191,'Meghana P','2002-11-15','Female','Balaji Villa','Madurai Main Road','Madurai','9874562189',11),(192,'Surendar K','2003-05-25','Male','Krishna Nivas','Peelamedu','Coimbatore','9742153604',11),(193,'Sindhuja R','2002-10-09','Female','Sri Illam','Ukkadam','Coimbatore','9812347603',11),(194,'Aravind B','2003-07-19','Male','Geetha Residency','Anna Nagar','Madurai','9756423278',11),(195,'Nivetha J','2004-01-22','Female','Sree Krupa','Velachery','Chennai','9726541384',11),(196,'Vigneshwar R','2003-08-30','Male','Murugan Illam','Adyar','Chennai','9812347689',11),(197,'Anushka T','2002-09-07','Female','Anbu Residency','Race Course','Coimbatore','9745632241',11),(198,'Bala Murugan S','2003-08-16','Male','Krishna Krupa','Anna Nagar','Madurai','9812574625',11),(199,'Keerthi V','2004-02-11','Female','Lakshmi Nivas','Thillai Nagar','Tiruchirapalli','9874123680',11),(200,'Raghav P','2003-05-28','Male','Balaji Illam','Gandhipuram','Coimbatore','9745632206',11),(201,'Prakash R','2003-01-15','Male','Sri Krishna Illam','Anna Nagar','Chennai','9845678901',12),(202,'Divya S','2002-12-25','Female','Lakshmi Nivas','Gandhipuram','Coimbatore','9784125632',12),(203,'Gokul V','2003-06-10','Male','Murugan Villa','Thillai Nagar','Tiruchirapalli','9823471123',12),(204,'Harini M','2004-03-18','Female','Geetha Residency','Salem Main Road','Salem','9745622345',12),(205,'Santhosh K','2003-04-22','Male','Anbu Krupa','Tambaram','Chennai','9812323456',12),(206,'Meera J','2002-11-11','Female','Balaji Villa','Madurai Main Road','Madurai','9874567890',12),(207,'Naveen P','2003-07-08','Male','Krishna Nivas','Peelamedu','Coimbatore','9742156789',12),(208,'Sangeetha R','2002-10-02','Female','Sri Illam','Ukkadam','Coimbatore','9812341234',12),(209,'Dinesh B','2003-07-14','Male','Geetha Residency','Anna Nagar','Madurai','9756429876',12),(210,'Aishwarya J','2004-01-29','Female','Sree Krupa','Velachery','Chennai','9726544321',12),(211,'Karthikeyan R','2003-08-19','Male','Murugan Illam','Adyar','Chennai','9812347876',12),(212,'Sowmya T','2002-09-09','Female','Anbu Residency','Race Course','Coimbatore','9745639988',12),(213,'Vikram S','2003-08-25','Male','Krishna Krupa','Anna Nagar','Madurai','9812571111',12),(214,'Keerthana V','2004-02-05','Female','Lakshmi Nivas','Thillai Nagar','Tiruchirapalli','9874125555',12),(215,'Arjun P','2003-05-12','Male','Balaji Illam','Gandhipuram','Coimbatore','9745634444',12),(216,'Aravind K','2003-02-10','Male','Sri Krishna Illam','Anna Nagar','Chennai','9845678001',13),(217,'Haritha S','2002-11-15','Female','Lakshmi Nivas','Gandhipuram','Coimbatore','9784125002',13),(218,'Manoj V','2003-07-25','Male','Murugan Villa','Thillai Nagar','Tiruchirapalli','9823471003',13),(219,'Priya M','2004-01-20','Female','Geetha Residency','Salem Main Road','Salem','9745622104',13),(220,'Surya K','2003-05-18','Male','Anbu Krupa','Tambaram','Chennai','9812323205',13),(221,'Shreya J','2002-12-30','Female','Balaji Villa','Madurai Main Road','Madurai','9874567806',13),(222,'Nirmal P','2003-06-12','Male','Krishna Nivas','Peelamedu','Coimbatore','9742156707',13),(223,'Vaishnavi R','2002-10-05','Female','Sri Illam','Ukkadam','Coimbatore','9812341208',13),(224,'Dhanush B','2003-08-14','Male','Geetha Residency','Anna Nagar','Madurai','9756429809',13),(225,'Aishwarya T','2004-02-22','Female','Sree Krupa','Velachery','Chennai','9726544310',13),(226,'Gokul R','2003-09-19','Male','Murugan Illam','Adyar','Chennai','9812347811',13),(227,'Janani T','2002-11-09','Female','Anbu Residency','Race Course','Coimbatore','9745639912',13),(228,'Vignesh S','2003-07-25','Male','Krishna Krupa','Anna Nagar','Madurai','9812571113',13),(229,'Keerthana P','2004-03-10','Female','Lakshmi Nivas','Thillai Nagar','Tiruchirapalli','9874125514',13),(230,'Rahul K','2003-05-28','Male','Balaji Illam','Gandhipuram','Coimbatore','9745634415',13),(231,'Anjali Devi','2004-02-18','Female','Lakshmi Illam','Thillai Nagar','Trichy','9123456789',2),(232,'Renuka Devi A C','2006-03-18','Female','56,Perumal East Car Street','Tirunelveli','Tirunelveli','9003534033',1),(233,'ss','2001-05-05','Female','ss','ss','ss','485',12);
/*!40000 ALTER TABLE `student` ENABLE KEYS */;
UNLOCK TABLES;

--
-- Table structure for table `teaches`
--

DROP TABLE IF EXISTS `teaches`;
/*!40101 SET @saved_cs_client     = @@character_set_client */;
/*!50503 SET character_set_client = utf8mb4 */;
CREATE TABLE `teaches` (
  `faculty_id` int NOT NULL,
  `course_code` varchar(10) NOT NULL,
  PRIMARY KEY (`faculty_id`,`course_code`),
  KEY `course_code` (`course_code`),
  CONSTRAINT `teaches_ibfk_1` FOREIGN KEY (`faculty_id`) REFERENCES `faculty` (`faculty_id`) ON DELETE CASCADE,
  CONSTRAINT `teaches_ibfk_2` FOREIGN KEY (`course_code`) REFERENCES `course` (`course_code`) ON DELETE CASCADE
) ENGINE=InnoDB DEFAULT CHARSET=utf8mb4 COLLATE=utf8mb4_0900_ai_ci;
/*!40101 SET character_set_client = @saved_cs_client */;

--
-- Dumping data for table `teaches`
--

LOCK TABLES `teaches` WRITE;
/*!40000 ALTER TABLE `teaches` DISABLE KEYS */;
INSERT INTO `teaches` VALUES (42,'BM101'),(126,'BM102'),(128,'BM103'),(130,'BM104'),(30,'CE101'),(31,'CE101'),(64,'CE102'),(65,'CE102'),(66,'CE103'),(67,'CE103'),(68,'CE104'),(69,'CE104'),(70,'CE105'),(71,'CE105'),(72,'CE106'),(9,'CS101'),(17,'CS101'),(11,'CS102'),(19,'CS102'),(9,'CS103'),(21,'CS103'),(18,'CS104'),(23,'CS104'),(20,'CS105'),(24,'CS105'),(22,'CS106'),(9,'CS107'),(10,'CS108'),(32,'EC101'),(33,'EC101'),(74,'EC102'),(75,'EC102'),(76,'EC103'),(77,'EC103'),(78,'EC104'),(79,'EC104'),(80,'EC105'),(81,'EC105'),(82,'EC106'),(1,'EE101'),(3,'EE102'),(5,'EE103'),(7,'EE104'),(28,'EE105'),(62,'EE106'),(1,'EE107'),(5,'EE108'),(48,'GI101'),(38,'IE101'),(97,'IE102'),(99,'IE103'),(101,'IE104'),(40,'IT101'),(114,'IT102'),(116,'IT103'),(118,'IT104'),(14,'ME101'),(15,'ME101'),(16,'ME102'),(25,'ME102'),(26,'ME103'),(27,'ME103'),(50,'ME104'),(51,'ME104'),(52,'ME105'),(53,'ME105'),(54,'ME106'),(56,'ME107'),(58,'ME108'),(36,'MF101'),(89,'MF102'),(91,'MF103'),(93,'MF104'),(34,'MI101'),(84,'MI102'),(86,'MI103'),(34,'MI104'),(46,'MS101'),(140,'MS102'),(142,'MS103'),(144,'MS104'),(44,'PR101'),(134,'PR102'),(136,'PR103'),(138,'PR104');
/*!40000 ALTER TABLE `teaches` ENABLE KEYS */;
UNLOCK TABLES;

--
-- Table structure for table `trigger_log`
--

DROP TABLE IF EXISTS `trigger_log`;
/*!40101 SET @saved_cs_client     = @@character_set_client */;
/*!50503 SET character_set_client = utf8mb4 */;
CREATE TABLE `trigger_log` (
  `message` text,
  `ts` timestamp NULL DEFAULT CURRENT_TIMESTAMP
) ENGINE=InnoDB DEFAULT CHARSET=utf8mb4 COLLATE=utf8mb4_0900_ai_ci;
/*!40101 SET character_set_client = @saved_cs_client */;

--
-- Dumping data for table `trigger_log`
--

LOCK TABLES `trigger_log` WRITE;
/*!40000 ALTER TABLE `trigger_log` DISABLE KEYS */;
INSERT INTO `trigger_log` VALUES ('trigger fired','2025-04-22 18:58:31'),('trigger fired','2025-04-22 18:58:31'),('trigger fired','2025-04-22 18:58:31'),('trigger fired','2025-04-22 18:58:31'),('trigger fired','2025-04-22 18:58:31'),('trigger fired','2025-04-22 19:00:07'),('trigger fired','2025-04-22 19:00:07'),('trigger fired','2025-04-22 19:00:07'),('trigger fired','2025-04-22 19:00:07'),('trigger fired','2025-04-22 19:00:07'),('trigger fired','2025-04-22 19:06:50'),('trigger fired','2025-04-22 19:06:50'),('trigger fired','2025-04-22 19:09:20'),('trigger fired','2025-04-22 19:10:52'),('trigger fired','2025-04-22 19:14:30'),('trigger fired','2025-04-22 19:15:42'),('trigger fired','2025-04-22 19:15:50'),('trigger fired','2025-04-22 19:16:57'),('trigger fired','2025-04-22 19:17:50'),('trigger fired','2025-04-22 19:17:50'),('trigger fired','2025-04-22 19:21:57'),('trigger fired','2025-04-22 19:21:57'),('trigger fired','2025-04-22 19:25:58'),('trigger fired','2025-04-22 19:25:58'),('trigger fired','2025-04-22 19:25:58'),('trigger fired','2025-04-22 19:25:58'),('trigger fired','2025-04-22 19:25:58'),('trigger fired','2025-04-22 19:34:17'),('trigger fired','2025-04-22 19:34:17'),('trigger fired','2025-04-22 19:34:17'),('trigger fired','2025-04-22 19:34:17'),('trigger fired','2025-04-22 19:34:17'),('trigger fired','2025-04-22 19:34:17'),('trigger fired','2025-04-22 19:34:28'),('trigger fired','2025-04-22 19:34:28'),('trigger fired','2025-04-22 19:42:27'),('trigger fired','2025-04-22 19:42:27'),('trigger fired','2025-04-22 19:42:31'),('trigger fired','2025-04-22 19:42:31'),('trigger fired','2025-04-22 19:45:05'),('trigger fired','2025-04-22 19:45:05'),('trigger fired','2025-04-22 19:45:05'),('trigger fired','2025-04-22 19:45:05'),('trigger fired','2025-04-22 19:45:05'),('trigger fired','2025-04-22 19:45:29'),('trigger fired','2025-04-22 19:45:29'),('trigger fired','2025-04-22 19:46:47'),('trigger fired','2025-04-22 19:46:47'),('trigger fired','2025-04-22 19:46:47'),('trigger fired','2025-04-22 19:46:47'),('trigger fired','2025-04-22 19:46:47'),('trigger fired','2025-04-22 19:46:47'),('trigger fired','2025-04-22 19:47:01'),('trigger fired','2025-04-22 19:47:01'),('trigger fired','2025-04-24 08:58:11'),('trigger fired','2025-04-24 08:58:11'),('trigger fired','2025-04-24 08:59:58'),('trigger fired','2025-04-24 09:06:37'),('trigger fired','2025-04-24 09:06:37'),('trigger fired','2025-04-24 09:06:37'),('trigger fired','2025-04-24 09:06:37'),('trigger fired','2025-04-24 09:06:37'),('trigger fired','2025-04-24 09:06:37'),('trigger fired','2025-04-24 09:06:37'),('trigger fired','2025-04-24 09:06:37'),('trigger fired','2025-04-24 09:06:37'),('trigger fired','2025-04-24 09:06:37'),('trigger fired','2025-04-24 09:06:37'),('trigger fired','2025-04-24 09:06:37'),('trigger fired','2025-04-24 09:06:37'),('trigger fired','2025-04-24 09:06:37'),('trigger fired','2025-04-24 09:06:37'),('trigger fired','2025-04-24 09:06:37'),('trigger fired','2025-04-24 09:06:37'),('trigger fired','2025-04-24 09:06:37'),('trigger fired','2025-04-24 09:06:37'),('trigger fired','2025-04-24 09:06:37'),('trigger fired','2025-04-24 09:06:37'),('trigger fired','2025-04-24 09:06:37'),('trigger fired','2025-04-24 09:06:37'),('trigger fired','2025-04-24 09:06:37'),('trigger fired','2025-04-24 09:06:37'),('trigger fired','2025-04-24 09:06:37'),('trigger fired','2025-04-24 09:06:37'),('trigger fired','2025-04-24 09:06:37'),('trigger fired','2025-04-24 09:06:37'),('trigger fired','2025-04-24 09:06:37'),('trigger fired','2025-04-24 09:06:37'),('trigger fired','2025-04-24 09:06:37'),('trigger fired','2025-04-24 09:06:37'),('trigger fired','2025-04-24 09:06:37'),('trigger fired','2025-04-24 09:06:37'),('trigger fired','2025-04-24 09:06:37'),('trigger fired','2025-04-24 09:06:37'),('trigger fired','2025-04-24 09:06:37'),('trigger fired','2025-04-24 09:06:37'),('trigger fired','2025-04-24 09:06:37'),('trigger fired','2025-04-24 09:06:37'),('trigger fired','2025-04-24 09:06:37'),('trigger fired','2025-04-24 09:06:37'),('trigger fired','2025-04-24 09:06:37'),('trigger fired','2025-04-24 09:06:37'),('trigger fired','2025-04-24 09:06:37'),('trigger fired','2025-04-24 09:06:37'),('trigger fired','2025-04-24 09:06:37'),('trigger fired','2025-04-24 09:06:37'),('trigger fired','2025-04-24 09:06:37'),('trigger fired','2025-04-24 09:06:37'),('trigger fired','2025-04-24 09:06:37'),('trigger fired','2025-04-24 09:06:37'),('trigger fired','2025-04-24 09:06:37'),('trigger fired','2025-04-24 09:06:37'),('trigger fired','2025-04-24 09:06:37'),('trigger fired','2025-04-24 09:06:37'),('trigger fired','2025-04-24 09:06:37'),('trigger fired','2025-04-24 09:06:37'),('trigger fired','2025-04-24 09:06:37'),('trigger fired','2025-04-24 09:06:37'),('trigger fired','2025-04-24 09:06:37'),('trigger fired','2025-04-24 09:06:37'),('trigger fired','2025-04-24 09:06:37'),('trigger fired','2025-04-24 09:06:37'),('trigger fired','2025-04-24 09:06:37'),('trigger fired','2025-04-24 09:06:37'),('trigger fired','2025-04-24 09:06:37'),('trigger fired','2025-04-24 09:06:37'),('trigger fired','2025-04-24 09:06:37'),('trigger fired','2025-04-24 09:06:37'),('trigger fired','2025-04-24 09:06:37'),('trigger fired','2025-04-24 09:06:37'),('trigger fired','2025-04-24 09:06:37'),('trigger fired','2025-04-24 09:06:37'),('trigger fired','2025-04-24 09:06:37'),('trigger fired','2025-04-24 09:06:37'),('trigger fired','2025-04-24 09:06:37'),('trigger fired','2025-04-24 09:06:37'),('trigger fired','2025-04-24 09:06:37'),('trigger fired','2025-04-24 09:06:37'),('trigger fired','2025-04-24 09:06:37'),('trigger fired','2025-04-24 09:06:37'),('trigger fired','2025-04-24 09:06:37'),('trigger fired','2025-04-24 09:06:37'),('trigger fired','2025-04-24 09:06:37'),('trigger fired','2025-04-24 09:06:37'),('trigger fired','2025-04-24 09:06:37'),('trigger fired','2025-04-24 09:06:37'),('trigger fired','2025-04-24 09:06:37'),('trigger fired','2025-04-24 09:06:37'),('trigger fired','2025-04-24 09:06:37'),('trigger fired','2025-04-24 09:06:37'),('trigger fired','2025-04-24 09:06:37'),('trigger fired','2025-04-24 09:06:37'),('trigger fired','2025-04-24 09:06:37'),('trigger fired','2025-04-24 09:06:37'),('trigger fired','2025-04-24 09:06:37'),('trigger fired','2025-04-24 09:06:37'),('trigger fired','2025-04-24 09:06:37'),('trigger fired','2025-04-24 09:06:37'),('trigger fired','2025-04-24 09:06:37'),('trigger fired','2025-04-24 09:06:37'),('trigger fired','2025-04-24 09:06:37'),('trigger fired','2025-04-24 09:06:37'),('trigger fired','2025-04-24 09:06:37'),('trigger fired','2025-04-24 09:06:37'),('trigger fired','2025-04-24 09:06:37'),('trigger fired','2025-04-24 09:06:37'),('trigger fired','2025-04-24 09:06:37'),('trigger fired','2025-04-24 09:06:37'),('trigger fired','2025-04-24 09:06:37'),('trigger fired','2025-04-24 09:06:37'),('trigger fired','2025-04-24 09:06:37'),('trigger fired','2025-04-24 09:06:37'),('trigger fired','2025-04-24 09:06:37'),('trigger fired','2025-04-24 09:06:37'),('trigger fired','2025-04-24 09:06:37'),('trigger fired','2025-04-24 09:06:37'),('trigger fired','2025-04-24 09:06:37'),('trigger fired','2025-04-24 09:06:37'),('trigger fired','2025-04-24 09:06:37'),('trigger fired','2025-04-24 09:06:37'),('trigger fired','2025-04-24 09:06:37'),('trigger fired','2025-04-24 09:06:37'),('trigger fired','2025-04-24 09:06:37'),('trigger fired','2025-04-24 09:06:37'),('trigger fired','2025-04-24 09:06:37'),('trigger fired','2025-04-24 09:06:37'),('trigger fired','2025-04-24 09:06:37'),('trigger fired','2025-04-24 09:06:37'),('trigger fired','2025-04-24 09:06:37'),('trigger fired','2025-04-24 09:06:37'),('trigger fired','2025-04-24 09:06:37'),('trigger fired','2025-04-24 09:06:37'),('trigger fired','2025-04-24 09:06:37'),('trigger fired','2025-04-24 09:06:37'),('trigger fired','2025-04-24 09:06:37'),('trigger fired','2025-04-24 09:06:37'),('trigger fired','2025-04-24 09:06:37'),('trigger fired','2025-04-24 09:06:37'),('trigger fired','2025-04-24 09:06:37'),('trigger fired','2025-04-24 09:06:37'),('trigger fired','2025-04-24 09:06:37'),('trigger fired','2025-04-24 09:06:37'),('trigger fired','2025-04-24 09:06:37'),('trigger fired','2025-04-24 09:06:37'),('trigger fired','2025-04-24 09:06:37'),('trigger fired','2025-04-24 09:06:37'),('trigger fired','2025-04-24 09:06:37'),('trigger fired','2025-04-24 09:06:37'),('trigger fired','2025-04-24 09:06:37'),('trigger fired','2025-04-24 09:06:37'),('trigger fired','2025-04-24 09:06:37'),('trigger fired','2025-04-24 09:06:37'),('trigger fired','2025-04-24 09:06:37'),('trigger fired','2025-04-24 09:06:37'),('trigger fired','2025-04-24 09:06:37'),('trigger fired','2025-04-24 09:06:37'),('trigger fired','2025-04-24 09:06:37'),('trigger fired','2025-04-24 09:06:37'),('trigger fired','2025-04-24 09:06:37'),('trigger fired','2025-04-24 09:06:37'),('trigger fired','2025-04-24 09:06:37'),('trigger fired','2025-04-24 09:06:37'),('trigger fired','2025-04-24 09:06:37'),('trigger fired','2025-04-24 09:06:37'),('trigger fired','2025-04-24 09:06:37'),('trigger fired','2025-04-24 09:06:37'),('trigger fired','2025-04-24 09:06:37'),('trigger fired','2025-04-24 09:06:37'),('trigger fired','2025-04-24 09:06:37'),('trigger fired','2025-04-24 09:06:37'),('trigger fired','2025-04-24 09:06:37'),('trigger fired','2025-04-24 09:06:37'),('trigger fired','2025-04-24 09:06:37'),('trigger fired','2025-04-24 09:06:37'),('trigger fired','2025-04-24 09:06:37'),('trigger fired','2025-04-24 09:06:37'),('trigger fired','2025-04-24 09:06:37'),('trigger fired','2025-04-24 09:06:37'),('trigger fired','2025-04-24 09:06:37'),('trigger fired','2025-04-24 09:06:37'),('trigger fired','2025-04-24 09:06:37'),('trigger fired','2025-04-24 09:06:37'),('trigger fired','2025-04-24 09:06:37'),('trigger fired','2025-04-24 09:06:37'),('trigger fired','2025-04-24 09:06:37'),('trigger fired','2025-04-24 09:06:37'),('trigger fired','2025-04-24 09:06:37'),('trigger fired','2025-04-24 09:06:37'),('trigger fired','2025-04-24 09:06:37'),('trigger fired','2025-04-24 09:06:37'),('trigger fired','2025-04-24 09:06:37'),('trigger fired','2025-04-24 09:06:37'),('trigger fired','2025-04-24 09:06:37'),('trigger fired','2025-04-24 09:06:37'),('trigger fired','2025-04-24 09:06:37'),('trigger fired','2025-04-24 09:06:37'),('trigger fired','2025-04-24 09:06:37'),('trigger fired','2025-04-24 09:06:37'),('trigger fired','2025-04-24 09:06:37'),('trigger fired','2025-04-24 09:06:37'),('trigger fired','2025-04-24 09:06:37'),('trigger fired','2025-04-24 09:06:37'),('trigger fired','2025-04-24 09:06:37'),('trigger fired','2025-04-24 09:06:37'),('trigger fired','2025-04-24 09:06:37'),('trigger fired','2025-04-24 09:06:37'),('trigger fired','2025-04-24 09:06:37'),('trigger fired','2025-04-24 09:06:37'),('trigger fired','2025-04-24 09:06:37'),('trigger fired','2025-04-24 09:06:37'),('trigger fired','2025-04-24 09:06:37'),('trigger fired','2025-04-24 09:06:37'),('trigger fired','2025-04-24 09:06:37'),('trigger fired','2025-04-24 09:06:37'),('trigger fired','2025-04-24 09:06:37'),('trigger fired','2025-04-24 09:06:37'),('trigger fired','2025-04-24 09:06:37'),('trigger fired','2025-04-24 09:06:37'),('trigger fired','2025-04-24 09:06:37'),('trigger fired','2025-04-24 09:06:37'),('trigger fired','2025-04-24 09:06:37'),('trigger fired','2025-04-24 09:06:37'),('trigger fired','2025-04-24 09:06:37'),('trigger fired','2025-04-24 09:06:37'),('trigger fired','2025-04-24 09:06:37'),('trigger fired','2025-04-24 09:06:37'),('trigger fired','2025-04-24 09:06:37'),('trigger fired','2025-04-24 09:06:37'),('trigger fired','2025-04-24 09:06:37'),('trigger fired','2025-04-24 09:06:37'),('trigger fired','2025-04-24 09:06:37'),('trigger fired','2025-04-24 09:06:37'),('trigger fired','2025-04-24 09:06:37'),('trigger fired','2025-04-24 09:06:37'),('trigger fired','2025-04-24 09:06:37'),('trigger fired','2025-04-24 09:06:37'),('trigger fired','2025-04-24 09:06:37'),('trigger fired','2025-04-24 09:06:37'),('trigger fired','2025-04-24 09:06:37'),('trigger fired','2025-04-24 09:06:37'),('trigger fired','2025-04-24 09:06:37'),('trigger fired','2025-04-24 09:06:37'),('trigger fired','2025-04-24 09:06:37'),('trigger fired','2025-04-24 09:06:37'),('trigger fired','2025-04-24 09:06:37'),('trigger fired','2025-04-24 09:06:37'),('trigger fired','2025-04-24 09:06:37'),('trigger fired','2025-04-24 09:06:37'),('trigger fired','2025-04-24 09:06:37'),('trigger fired','2025-04-24 09:06:37'),('trigger fired','2025-04-24 09:06:37'),('trigger fired','2025-04-24 09:06:37'),('trigger fired','2025-04-24 09:06:37'),('trigger fired','2025-04-24 09:06:37'),('trigger fired','2025-04-24 09:06:37'),('trigger fired','2025-04-24 09:06:37'),('trigger fired','2025-04-24 09:06:37'),('trigger fired','2025-04-24 09:06:37'),('trigger fired','2025-04-24 09:06:37'),('trigger fired','2025-04-24 09:06:37'),('trigger fired','2025-04-24 09:06:37'),('trigger fired','2025-04-24 09:06:37'),('trigger fired','2025-04-24 09:06:37'),('trigger fired','2025-04-24 09:06:37'),('trigger fired','2025-04-24 09:06:37'),('trigger fired','2025-04-24 09:06:37'),('trigger fired','2025-04-24 09:06:37'),('trigger fired','2025-04-24 09:06:37'),('trigger fired','2025-04-24 09:06:37'),('trigger fired','2025-04-24 09:06:37'),('trigger fired','2025-04-24 09:06:37'),('trigger fired','2025-04-24 09:06:37'),('trigger fired','2025-04-24 09:06:37'),('trigger fired','2025-04-24 09:06:37'),('trigger fired','2025-04-24 09:06:37'),('trigger fired','2025-04-24 09:06:37'),('trigger fired','2025-04-24 09:06:37'),('trigger fired','2025-04-24 09:06:37'),('trigger fired','2025-04-24 09:06:37'),('trigger fired','2025-04-24 09:06:37'),('trigger fired','2025-04-24 09:06:37'),('trigger fired','2025-04-24 09:06:37'),('trigger fired','2025-04-24 09:06:37'),('trigger fired','2025-04-24 09:06:37'),('trigger fired','2025-04-24 09:06:37'),('trigger fired','2025-04-24 09:06:37'),('trigger fired','2025-04-24 09:06:37'),('trigger fired','2025-04-24 09:06:37'),('trigger fired','2025-04-24 09:06:37'),('trigger fired','2025-04-24 09:06:37'),('trigger fired','2025-04-24 09:06:37'),('trigger fired','2025-04-24 09:06:37'),('trigger fired','2025-04-24 09:06:37'),('trigger fired','2025-04-24 09:06:37'),('trigger fired','2025-04-24 09:06:37'),('trigger fired','2025-04-24 09:06:37'),('trigger fired','2025-04-24 09:06:37'),('trigger fired','2025-04-24 09:06:37'),('trigger fired','2025-04-24 09:06:37'),('trigger fired','2025-04-24 09:06:37'),('trigger fired','2025-04-24 09:06:37'),('trigger fired','2025-04-24 09:06:37'),('trigger fired','2025-04-24 09:06:37'),('trigger fired','2025-04-24 09:06:37'),('trigger fired','2025-04-24 09:06:37'),('trigger fired','2025-04-24 09:06:37'),('trigger fired','2025-04-24 09:06:37'),('trigger fired','2025-04-24 09:06:37'),('trigger fired','2025-04-24 09:06:37'),('trigger fired','2025-04-24 09:06:37'),('trigger fired','2025-04-24 09:06:37'),('trigger fired','2025-04-24 09:06:37'),('trigger fired','2025-04-24 09:06:37'),('trigger fired','2025-04-24 09:06:37'),('trigger fired','2025-04-24 09:06:37'),('trigger fired','2025-04-24 09:06:37'),('trigger fired','2025-04-24 09:06:37'),('trigger fired','2025-04-24 09:06:37'),('trigger fired','2025-04-24 09:06:37'),('trigger fired','2025-04-24 09:06:37'),('trigger fired','2025-04-24 09:06:37'),('trigger fired','2025-04-24 09:06:37'),('trigger fired','2025-04-24 09:06:37'),('trigger fired','2025-04-24 09:06:37'),('trigger fired','2025-04-24 09:06:37'),('trigger fired','2025-04-24 09:06:37'),('trigger fired','2025-04-24 09:06:37'),('trigger fired','2025-04-24 09:06:37'),('trigger fired','2025-04-24 09:06:37'),('trigger fired','2025-04-24 09:06:37'),('trigger fired','2025-04-24 09:06:37'),('trigger fired','2025-04-24 09:06:37'),('trigger fired','2025-04-24 09:06:37'),('trigger fired','2025-04-24 09:06:37'),('trigger fired','2025-04-24 09:06:37'),('trigger fired','2025-04-24 09:06:37'),('trigger fired','2025-04-24 09:06:37'),('trigger fired','2025-04-24 09:06:37'),('trigger fired','2025-04-24 09:06:37'),('trigger fired','2025-04-24 09:06:37'),('trigger fired','2025-04-24 09:06:37'),('trigger fired','2025-04-24 09:06:37'),('trigger fired','2025-04-24 09:06:37'),('trigger fired','2025-04-24 09:06:37'),('trigger fired','2025-04-24 09:06:37'),('trigger fired','2025-04-24 09:06:37'),('trigger fired','2025-04-24 09:06:37'),('trigger fired','2025-04-24 09:06:37'),('trigger fired','2025-04-24 09:06:37'),('trigger fired','2025-04-24 09:06:37'),('trigger fired','2025-04-24 09:06:37'),('trigger fired','2025-04-24 09:06:37'),('trigger fired','2025-04-24 09:07:21'),('trigger fired','2025-04-24 09:07:21'),('trigger fired','2025-04-24 09:07:21'),('trigger fired','2025-04-24 09:07:21'),('trigger fired','2025-04-24 09:07:21'),('trigger fired','2025-04-24 09:07:21'),('trigger fired','2025-04-24 09:07:21'),('trigger fired','2025-04-24 09:07:21'),('trigger fired','2025-04-24 09:07:21'),('trigger fired','2025-04-24 09:07:21'),('trigger fired','2025-04-24 09:07:21'),('trigger fired','2025-04-24 09:07:21'),('trigger fired','2025-04-24 09:07:21'),('trigger fired','2025-04-24 09:07:21'),('trigger fired','2025-04-24 09:07:21'),('trigger fired','2025-04-24 09:07:21'),('trigger fired','2025-04-24 09:07:21'),('trigger fired','2025-04-24 09:07:21'),('trigger fired','2025-04-24 09:07:21'),('trigger fired','2025-04-24 09:07:21'),('trigger fired','2025-04-24 09:07:21'),('trigger fired','2025-04-24 09:07:21'),('trigger fired','2025-04-24 09:07:21'),('trigger fired','2025-04-24 09:07:21'),('trigger fired','2025-04-24 09:07:21'),('trigger fired','2025-04-24 09:07:21'),('trigger fired','2025-04-24 09:07:21'),('trigger fired','2025-04-24 09:07:21'),('trigger fired','2025-04-24 09:07:21'),('trigger fired','2025-04-24 09:07:21'),('trigger fired','2025-04-24 09:07:21'),('trigger fired','2025-04-24 09:07:21'),('trigger fired','2025-04-24 09:07:21'),('trigger fired','2025-04-24 09:07:21'),('trigger fired','2025-04-24 09:07:21'),('trigger fired','2025-04-24 09:07:21'),('trigger fired','2025-04-24 09:07:21'),('trigger fired','2025-04-24 09:07:21'),('trigger fired','2025-04-24 09:07:21'),('trigger fired','2025-04-24 09:07:21'),('trigger fired','2025-04-24 09:07:21'),('trigger fired','2025-04-24 09:07:21'),('trigger fired','2025-04-24 09:07:21'),('trigger fired','2025-04-24 09:07:21'),('trigger fired','2025-04-24 09:07:21'),('trigger fired','2025-04-24 09:07:21'),('trigger fired','2025-04-24 09:07:21'),('trigger fired','2025-04-24 09:07:21'),('trigger fired','2025-04-24 09:07:21'),('trigger fired','2025-04-24 09:07:21'),('trigger fired','2025-04-24 09:07:21'),('trigger fired','2025-04-24 09:07:21'),('trigger fired','2025-04-24 09:07:21'),('trigger fired','2025-04-24 09:07:21'),('trigger fired','2025-04-24 09:07:21'),('trigger fired','2025-04-24 09:07:21'),('trigger fired','2025-04-24 09:07:21'),('trigger fired','2025-04-24 09:07:21'),('trigger fired','2025-04-24 09:07:21'),('trigger fired','2025-04-24 09:07:21'),('trigger fired','2025-04-24 09:07:21'),('trigger fired','2025-04-24 09:07:21'),('trigger fired','2025-04-24 09:07:21'),('trigger fired','2025-04-24 09:07:21'),('trigger fired','2025-04-24 09:07:21'),('trigger fired','2025-04-24 09:07:21'),('trigger fired','2025-04-24 09:07:21'),('trigger fired','2025-04-24 09:07:21'),('trigger fired','2025-04-24 09:07:21'),('trigger fired','2025-04-24 09:07:21'),('trigger fired','2025-04-24 09:07:21'),('trigger fired','2025-04-24 09:07:21'),('trigger fired','2025-04-24 09:07:21'),('trigger fired','2025-04-24 09:07:21'),('trigger fired','2025-04-24 09:07:21'),('trigger fired','2025-04-24 09:07:21'),('trigger fired','2025-04-24 09:07:21'),('trigger fired','2025-04-24 09:07:21'),('trigger fired','2025-04-24 09:07:21'),('trigger fired','2025-04-24 09:07:21'),('trigger fired','2025-04-24 09:07:21'),('trigger fired','2025-04-24 09:07:21'),('trigger fired','2025-04-24 09:07:21'),('trigger fired','2025-04-24 09:07:21'),('trigger fired','2025-04-24 09:07:21'),('trigger fired','2025-04-24 09:07:21'),('trigger fired','2025-04-24 09:07:21'),('trigger fired','2025-04-24 09:07:21'),('trigger fired','2025-04-24 09:07:21'),('trigger fired','2025-04-24 09:07:21'),('trigger fired','2025-04-24 09:07:21'),('trigger fired','2025-04-24 09:07:21'),('trigger fired','2025-04-24 09:07:21'),('trigger fired','2025-04-24 09:07:21'),('trigger fired','2025-04-24 09:07:21'),('trigger fired','2025-04-24 09:07:21'),('trigger fired','2025-04-24 09:07:21'),('trigger fired','2025-04-24 09:07:21'),('trigger fired','2025-04-24 09:07:21'),('trigger fired','2025-04-24 09:07:21'),('trigger fired','2025-04-24 09:07:21'),('trigger fired','2025-04-24 09:07:21'),('trigger fired','2025-04-24 09:07:21'),('trigger fired','2025-04-24 09:07:21'),('trigger fired','2025-04-24 09:07:21'),('trigger fired','2025-04-24 09:07:21'),('trigger fired','2025-04-24 09:07:21'),('trigger fired','2025-04-24 09:07:21'),('trigger fired','2025-04-24 09:07:21'),('trigger fired','2025-04-24 09:07:21'),('trigger fired','2025-04-24 09:07:21'),('trigger fired','2025-04-24 09:07:21'),('trigger fired','2025-04-24 09:07:21'),('trigger fired','2025-04-24 09:07:21'),('trigger fired','2025-04-24 09:07:21'),('trigger fired','2025-04-24 09:07:21'),('trigger fired','2025-04-24 09:07:21'),('trigger fired','2025-04-24 09:07:21'),('trigger fired','2025-04-24 09:07:21'),('trigger fired','2025-04-24 09:07:21'),('trigger fired','2025-04-24 09:07:21'),('trigger fired','2025-04-24 09:07:21'),('trigger fired','2025-04-24 09:07:21'),('trigger fired','2025-04-24 09:07:21'),('trigger fired','2025-04-24 09:07:21'),('trigger fired','2025-04-24 09:07:21'),('trigger fired','2025-04-24 09:07:21'),('trigger fired','2025-04-24 09:07:21'),('trigger fired','2025-04-24 09:07:21'),('trigger fired','2025-04-24 09:07:21'),('trigger fired','2025-04-24 09:07:21'),('trigger fired','2025-04-24 09:07:21'),('trigger fired','2025-04-24 09:07:21'),('trigger fired','2025-04-24 09:07:21'),('trigger fired','2025-04-24 09:07:21'),('trigger fired','2025-04-24 09:07:21'),('trigger fired','2025-04-24 09:07:21'),('trigger fired','2025-04-24 09:07:21'),('trigger fired','2025-04-24 09:07:21'),('trigger fired','2025-04-24 09:07:21'),('trigger fired','2025-04-24 09:07:21'),('trigger fired','2025-04-24 09:07:21'),('trigger fired','2025-04-24 09:07:22'),('trigger fired','2025-04-24 09:07:22'),('trigger fired','2025-04-24 09:07:22'),('trigger fired','2025-04-24 09:07:22'),('trigger fired','2025-04-24 09:07:22'),('trigger fired','2025-04-24 09:07:22'),('trigger fired','2025-04-24 09:07:22'),('trigger fired','2025-04-24 09:07:22'),('trigger fired','2025-04-24 09:07:22'),('trigger fired','2025-04-24 09:07:22'),('trigger fired','2025-04-24 09:07:22'),('trigger fired','2025-04-24 09:07:22'),('trigger fired','2025-04-24 09:07:22'),('trigger fired','2025-04-24 09:07:22'),('trigger fired','2025-04-24 09:07:22'),('trigger fired','2025-04-24 09:07:22'),('trigger fired','2025-04-24 09:07:22'),('trigger fired','2025-04-24 09:07:22'),('trigger fired','2025-04-24 09:07:22'),('trigger fired','2025-04-24 09:07:22'),('trigger fired','2025-04-24 09:07:22'),('trigger fired','2025-04-24 09:07:22'),('trigger fired','2025-04-24 09:07:22'),('trigger fired','2025-04-24 09:07:22'),('trigger fired','2025-04-24 09:07:22'),('trigger fired','2025-04-24 09:07:22'),('trigger fired','2025-04-24 09:07:22'),('trigger fired','2025-04-24 09:07:22'),('trigger fired','2025-04-24 09:07:22'),('trigger fired','2025-04-24 09:07:22'),('trigger fired','2025-04-24 09:07:22'),('trigger fired','2025-04-24 09:07:22'),('trigger fired','2025-04-24 09:07:22'),('trigger fired','2025-04-24 09:07:22'),('trigger fired','2025-04-24 09:07:22'),('trigger fired','2025-04-24 09:07:22'),('trigger fired','2025-04-24 09:07:22'),('trigger fired','2025-04-24 09:07:22'),('trigger fired','2025-04-24 09:07:22'),('trigger fired','2025-04-24 09:07:22'),('trigger fired','2025-04-24 09:07:22'),('trigger fired','2025-04-24 09:07:22'),('trigger fired','2025-04-24 09:07:22'),('trigger fired','2025-04-24 09:07:22'),('trigger fired','2025-04-24 09:07:22'),('trigger fired','2025-04-24 09:07:22'),('trigger fired','2025-04-24 09:07:22'),('trigger fired','2025-04-24 09:07:22'),('trigger fired','2025-04-24 09:07:22'),('trigger fired','2025-04-24 09:07:22'),('trigger fired','2025-04-24 09:07:22'),('trigger fired','2025-04-24 09:07:22'),('trigger fired','2025-04-24 09:07:22'),('trigger fired','2025-04-24 09:07:22'),('trigger fired','2025-04-24 09:07:22'),('trigger fired','2025-04-24 09:07:22'),('trigger fired','2025-04-24 09:07:22'),('trigger fired','2025-04-24 09:07:22'),('trigger fired','2025-04-24 09:07:22'),('trigger fired','2025-04-24 09:07:22'),('trigger fired','2025-04-24 09:07:22'),('trigger fired','2025-04-24 09:07:22'),('trigger fired','2025-04-24 09:07:22'),('trigger fired','2025-04-24 09:07:22'),('trigger fired','2025-04-24 09:07:22'),('trigger fired','2025-04-24 09:07:22'),('trigger fired','2025-04-24 09:07:22'),('trigger fired','2025-04-24 09:07:22'),('trigger fired','2025-04-24 09:07:22'),('trigger fired','2025-04-24 09:07:22'),('trigger fired','2025-04-24 09:07:22'),('trigger fired','2025-04-24 09:07:22'),('trigger fired','2025-04-24 09:07:22'),('trigger fired','2025-04-24 09:07:22'),('trigger fired','2025-04-24 09:07:22'),('trigger fired','2025-04-24 09:07:22'),('trigger fired','2025-04-24 09:07:22'),('trigger fired','2025-04-24 09:07:22'),('trigger fired','2025-04-24 09:07:22'),('trigger fired','2025-04-24 09:07:22'),('trigger fired','2025-04-24 09:07:22'),('trigger fired','2025-04-24 09:07:22'),('trigger fired','2025-04-24 09:07:22'),('trigger fired','2025-04-24 09:07:22'),('trigger fired','2025-04-24 09:07:22'),('trigger fired','2025-04-24 09:07:22'),('trigger fired','2025-04-24 09:07:22'),('trigger fired','2025-04-24 09:07:22'),('trigger fired','2025-04-24 09:07:22'),('trigger fired','2025-04-24 09:07:22'),('trigger fired','2025-04-24 09:07:22'),('trigger fired','2025-04-24 09:07:22'),('trigger fired','2025-04-24 09:07:22'),('trigger fired','2025-04-24 09:07:22'),('trigger fired','2025-04-24 09:07:22'),('trigger fired','2025-04-24 09:07:22'),('trigger fired','2025-04-24 09:07:22'),('trigger fired','2025-04-24 09:07:22'),('trigger fired','2025-04-24 09:07:22'),('trigger fired','2025-04-24 09:07:22'),('trigger fired','2025-04-24 09:07:22'),('trigger fired','2025-04-24 09:07:22'),('trigger fired','2025-04-24 09:07:22'),('trigger fired','2025-04-24 09:07:22'),('trigger fired','2025-04-24 09:07:22'),('trigger fired','2025-04-24 09:07:22'),('trigger fired','2025-04-24 09:07:22'),('trigger fired','2025-04-24 09:07:22'),('trigger fired','2025-04-24 09:07:22'),('trigger fired','2025-04-24 09:07:22'),('trigger fired','2025-04-24 09:07:22'),('trigger fired','2025-04-24 09:07:22'),('trigger fired','2025-04-24 09:07:22'),('trigger fired','2025-04-24 09:07:22'),('trigger fired','2025-04-24 09:07:22'),('trigger fired','2025-04-24 09:07:22'),('trigger fired','2025-04-24 09:07:22'),('trigger fired','2025-04-24 09:07:22'),('trigger fired','2025-04-24 09:07:22'),('trigger fired','2025-04-24 09:07:22'),('trigger fired','2025-04-24 09:07:22'),('trigger fired','2025-04-24 09:07:22'),('trigger fired','2025-04-24 09:07:22'),('trigger fired','2025-04-24 09:07:22'),('trigger fired','2025-04-24 09:07:22'),('trigger fired','2025-04-24 09:07:22'),('trigger fired','2025-04-24 09:07:22'),('trigger fired','2025-04-24 09:07:22'),('trigger fired','2025-04-24 09:07:22'),('trigger fired','2025-04-24 09:07:22'),('trigger fired','2025-04-24 09:07:22'),('trigger fired','2025-04-24 09:07:22'),('trigger fired','2025-04-24 09:07:22'),('trigger fired','2025-04-24 09:07:22'),('trigger fired','2025-04-24 09:07:22'),('trigger fired','2025-04-24 09:07:22'),('trigger fired','2025-04-24 09:07:22'),('trigger fired','2025-04-24 09:07:22'),('trigger fired','2025-04-24 09:07:22'),('trigger fired','2025-04-24 09:07:22'),('trigger fired','2025-04-24 09:07:22'),('trigger fired','2025-04-24 09:07:22'),('trigger fired','2025-04-24 09:07:22'),('trigger fired','2025-04-24 09:07:22'),('trigger fired','2025-04-24 09:07:22'),('trigger fired','2025-04-24 09:07:22'),('trigger fired','2025-04-24 09:07:22'),('trigger fired','2025-04-24 09:07:22'),('trigger fired','2025-04-24 09:07:22'),('trigger fired','2025-04-24 09:07:22'),('trigger fired','2025-04-24 09:07:22'),('trigger fired','2025-04-24 09:07:22'),('trigger fired','2025-04-24 09:07:22'),('trigger fired','2025-04-24 09:07:22'),('trigger fired','2025-04-24 09:07:22'),('trigger fired','2025-04-24 09:07:22'),('trigger fired','2025-04-24 09:07:22'),('trigger fired','2025-04-24 09:07:22'),('trigger fired','2025-04-24 09:07:22'),('trigger fired','2025-04-24 09:07:22'),('trigger fired','2025-04-24 09:07:22'),('trigger fired','2025-04-24 09:07:22'),('trigger fired','2025-04-24 09:07:22'),('trigger fired','2025-04-24 09:07:22'),('trigger fired','2025-04-24 09:07:22'),('trigger fired','2025-04-24 09:07:22'),('trigger fired','2025-04-24 09:07:22'),('trigger fired','2025-04-24 09:07:22'),('trigger fired','2025-04-24 09:07:22'),('trigger fired','2025-04-24 09:07:22'),('trigger fired','2025-04-24 09:07:22'),('trigger fired','2025-04-24 09:07:22'),('trigger fired','2025-04-24 09:07:22'),('trigger fired','2025-04-24 09:07:22'),('trigger fired','2025-04-24 09:07:22'),('trigger fired','2025-04-24 09:07:22'),('trigger fired','2025-04-24 09:07:22'),('trigger fired','2025-04-24 09:07:22'),('trigger fired','2025-04-24 09:07:22'),('trigger fired','2025-04-24 09:07:22'),('trigger fired','2025-04-24 09:07:22'),('trigger fired','2025-04-24 09:07:22'),('trigger fired','2025-04-24 09:07:22'),('trigger fired','2025-04-24 09:07:22'),('trigger fired','2025-04-24 09:07:22'),('trigger fired','2025-04-24 09:07:22'),('trigger fired','2025-04-24 09:07:22'),('trigger fired','2025-04-24 09:07:22'),('trigger fired','2025-04-24 09:07:22'),('trigger fired','2025-04-24 09:07:22'),('trigger fired','2025-04-24 09:07:22'),('trigger fired','2025-04-24 09:07:22'),('trigger fired','2025-04-24 09:07:22'),('trigger fired','2025-04-24 09:07:22'),('trigger fired','2025-04-24 09:07:22'),('trigger fired','2025-04-24 09:07:22'),('trigger fired','2025-04-24 09:07:22'),('trigger fired','2025-04-24 09:07:22'),('trigger fired','2025-04-24 09:07:22'),('trigger fired','2025-04-24 09:07:22'),('trigger fired','2025-04-24 09:07:22'),('trigger fired','2025-04-24 09:07:22'),('trigger fired','2025-04-24 09:07:22'),('trigger fired','2025-04-24 09:07:22'),('trigger fired','2025-04-24 09:07:22'),('trigger fired','2025-04-24 09:07:22'),('trigger fired','2025-04-24 09:07:22'),('trigger fired','2025-04-24 09:07:22'),('trigger fired','2025-04-24 09:07:22'),('trigger fired','2025-04-24 09:07:22'),('trigger fired','2025-04-24 09:07:22'),('trigger fired','2025-04-24 09:07:22'),('trigger fired','2025-04-24 09:07:22'),('trigger fired','2025-04-24 09:28:16'),('trigger fired','2025-04-24 09:28:16'),('trigger fired','2025-04-24 09:28:16'),('trigger fired','2025-04-24 09:28:16'),('trigger fired','2025-04-24 09:28:16'),('trigger fired','2025-04-24 09:28:16'),('trigger fired','2025-04-24 09:28:16'),('trigger fired','2025-04-24 09:28:16'),('trigger fired','2025-04-24 09:28:16'),('trigger fired','2025-04-24 09:28:16'),('trigger fired','2025-04-24 09:28:16'),('trigger fired','2025-04-24 09:28:16'),('trigger fired','2025-04-24 09:28:16'),('trigger fired','2025-04-24 09:28:16'),('trigger fired','2025-04-24 09:28:16'),('trigger fired','2025-04-24 09:28:16'),('trigger fired','2025-04-24 09:28:16'),('trigger fired','2025-04-24 09:28:16'),('trigger fired','2025-04-24 09:28:16'),('trigger fired','2025-04-24 09:28:16'),('trigger fired','2025-04-24 09:28:16'),('trigger fired','2025-04-24 09:28:16'),('trigger fired','2025-04-24 09:28:16'),('trigger fired','2025-04-24 09:28:16'),('trigger fired','2025-04-24 09:28:16'),('trigger fired','2025-04-24 09:28:16'),('trigger fired','2025-04-24 09:28:16'),('trigger fired','2025-04-24 09:28:16'),('trigger fired','2025-04-24 09:28:16'),('trigger fired','2025-04-24 09:28:16'),('trigger fired','2025-04-24 09:28:16'),('trigger fired','2025-04-24 09:28:16'),('trigger fired','2025-04-24 09:28:16'),('trigger fired','2025-04-24 09:28:16'),('trigger fired','2025-04-24 09:28:16'),('trigger fired','2025-04-24 09:28:16'),('trigger fired','2025-04-24 09:28:16'),('trigger fired','2025-04-24 09:28:16'),('trigger fired','2025-04-24 09:28:16'),('trigger fired','2025-04-24 09:28:16'),('trigger fired','2025-04-24 09:28:16'),('trigger fired','2025-04-24 09:28:16'),('trigger fired','2025-04-24 09:28:16'),('trigger fired','2025-04-24 09:28:16'),('trigger fired','2025-04-24 09:28:16'),('trigger fired','2025-04-24 09:28:16'),('trigger fired','2025-04-24 09:28:16'),('trigger fired','2025-04-24 09:28:16'),('trigger fired','2025-04-24 09:28:16'),('trigger fired','2025-04-24 09:28:16'),('trigger fired','2025-04-24 09:28:16'),('trigger fired','2025-04-24 09:28:16'),('trigger fired','2025-04-24 09:28:16'),('trigger fired','2025-04-24 09:28:16'),('trigger fired','2025-04-24 09:28:16'),('trigger fired','2025-04-24 09:28:16'),('trigger fired','2025-04-24 09:28:16'),('trigger fired','2025-04-24 09:28:16'),('trigger fired','2025-04-24 09:28:16'),('trigger fired','2025-04-24 09:28:16'),('trigger fired','2025-04-24 09:28:16'),('trigger fired','2025-04-24 09:28:16'),('trigger fired','2025-04-24 09:28:16'),('trigger fired','2025-04-24 09:28:16'),('trigger fired','2025-04-24 09:28:16'),('trigger fired','2025-04-24 09:28:16'),('trigger fired','2025-04-24 09:28:16'),('trigger fired','2025-04-24 09:28:16'),('trigger fired','2025-04-24 09:28:16'),('trigger fired','2025-04-24 09:28:16'),('trigger fired','2025-04-24 09:28:16'),('trigger fired','2025-04-24 09:28:16'),('trigger fired','2025-04-24 09:28:16'),('trigger fired','2025-04-24 09:28:16'),('trigger fired','2025-04-24 09:28:16'),('trigger fired','2025-04-24 09:28:16'),('trigger fired','2025-04-24 09:28:16'),('trigger fired','2025-04-24 09:28:16'),('trigger fired','2025-04-24 09:28:16'),('trigger fired','2025-04-24 09:28:16'),('trigger fired','2025-04-24 09:28:16'),('trigger fired','2025-04-24 09:28:16'),('trigger fired','2025-04-24 09:28:16'),('trigger fired','2025-04-24 09:28:16'),('trigger fired','2025-04-24 09:28:16'),('trigger fired','2025-04-24 09:28:16'),('trigger fired','2025-04-24 09:28:16'),('trigger fired','2025-04-24 09:28:16'),('trigger fired','2025-04-24 09:28:16'),('trigger fired','2025-04-24 09:28:16'),('trigger fired','2025-04-24 09:28:16'),('trigger fired','2025-04-24 09:28:16'),('trigger fired','2025-04-24 09:28:16'),('trigger fired','2025-04-24 09:28:16'),('trigger fired','2025-04-24 09:28:16'),('trigger fired','2025-04-24 09:28:16'),('trigger fired','2025-04-24 09:28:16'),('trigger fired','2025-04-24 09:28:16'),('trigger fired','2025-04-24 09:28:16'),('trigger fired','2025-04-24 09:28:16'),('trigger fired','2025-04-24 09:28:16'),('trigger fired','2025-04-24 09:28:16'),('trigger fired','2025-04-24 09:28:16'),('trigger fired','2025-04-24 09:28:16'),('trigger fired','2025-04-24 09:28:16'),('trigger fired','2025-04-24 09:28:16'),('trigger fired','2025-04-24 09:28:16'),('trigger fired','2025-04-24 09:28:16'),('trigger fired','2025-04-24 09:28:16'),('trigger fired','2025-04-24 09:28:16'),('trigger fired','2025-04-24 09:28:16'),('trigger fired','2025-04-24 09:28:16'),('trigger fired','2025-04-24 09:28:16'),('trigger fired','2025-04-24 09:28:16'),('trigger fired','2025-04-24 09:28:16'),('trigger fired','2025-04-24 09:28:16'),('trigger fired','2025-04-24 09:28:16'),('trigger fired','2025-04-24 09:28:16'),('trigger fired','2025-04-24 09:28:16'),('trigger fired','2025-04-24 09:28:16'),('trigger fired','2025-04-24 09:28:16'),('trigger fired','2025-04-24 09:28:16'),('trigger fired','2025-04-24 09:28:16'),('trigger fired','2025-04-24 09:28:16'),('trigger fired','2025-04-24 09:28:16'),('trigger fired','2025-04-24 09:28:16'),('trigger fired','2025-04-24 09:28:16'),('trigger fired','2025-04-24 09:28:16'),('trigger fired','2025-04-24 09:28:16'),('trigger fired','2025-04-24 09:28:16'),('trigger fired','2025-04-24 09:28:16'),('trigger fired','2025-04-24 09:28:16'),('trigger fired','2025-04-24 09:28:16'),('trigger fired','2025-04-24 09:28:16'),('trigger fired','2025-04-24 09:28:16'),('trigger fired','2025-04-24 09:28:16'),('trigger fired','2025-04-24 09:28:16'),('trigger fired','2025-04-24 09:28:16'),('trigger fired','2025-04-24 09:28:16'),('trigger fired','2025-04-24 09:28:16'),('trigger fired','2025-04-24 09:28:16'),('trigger fired','2025-04-24 09:28:16'),('trigger fired','2025-04-24 09:28:16'),('trigger fired','2025-04-24 09:28:16'),('trigger fired','2025-04-24 09:28:16'),('trigger fired','2025-04-24 09:28:16'),('trigger fired','2025-04-24 09:28:16'),('trigger fired','2025-04-24 09:28:16'),('trigger fired','2025-04-24 09:28:16'),('trigger fired','2025-04-24 09:28:16'),('trigger fired','2025-04-24 09:28:16'),('trigger fired','2025-04-24 09:28:16'),('trigger fired','2025-04-24 09:28:16'),('trigger fired','2025-04-24 09:28:16'),('trigger fired','2025-04-24 09:28:16'),('trigger fired','2025-04-24 09:28:16'),('trigger fired','2025-04-24 09:28:16'),('trigger fired','2025-04-24 09:28:16'),('trigger fired','2025-04-24 09:28:16'),('trigger fired','2025-04-24 09:28:16'),('trigger fired','2025-04-24 09:28:16'),('trigger fired','2025-04-24 09:28:16'),('trigger fired','2025-04-24 09:28:16'),('trigger fired','2025-04-24 09:28:16'),('trigger fired','2025-04-24 09:28:16'),('trigger fired','2025-04-24 09:28:16'),('trigger fired','2025-04-24 09:28:16'),('trigger fired','2025-04-24 09:28:16'),('trigger fired','2025-04-24 09:28:16'),('trigger fired','2025-04-24 09:28:16'),('trigger fired','2025-04-24 09:28:16'),('trigger fired','2025-04-24 09:28:16'),('trigger fired','2025-04-24 09:28:16'),('trigger fired','2025-04-24 09:28:16'),('trigger fired','2025-04-24 09:28:16'),('trigger fired','2025-04-24 09:28:16'),('trigger fired','2025-04-24 09:28:16'),('trigger fired','2025-04-24 09:28:16'),('trigger fired','2025-04-24 09:28:16'),('trigger fired','2025-04-24 09:28:16'),('trigger fired','2025-04-24 09:28:16'),('trigger fired','2025-04-24 09:28:16'),('trigger fired','2025-04-24 09:28:16'),('trigger fired','2025-04-24 09:28:16'),('trigger fired','2025-04-24 09:28:16'),('trigger fired','2025-04-24 09:28:16'),('trigger fired','2025-04-24 09:28:16'),('trigger fired','2025-04-24 09:28:16'),('trigger fired','2025-04-24 09:28:16'),('trigger fired','2025-04-24 09:28:16'),('trigger fired','2025-04-24 09:28:16'),('trigger fired','2025-04-24 09:28:16'),('trigger fired','2025-04-24 09:28:16'),('trigger fired','2025-04-24 09:28:16'),('trigger fired','2025-04-24 09:28:16'),('trigger fired','2025-04-24 09:28:16'),('trigger fired','2025-04-24 09:28:16'),('trigger fired','2025-04-24 09:28:16'),('trigger fired','2025-04-24 09:28:16'),('trigger fired','2025-04-24 09:28:16'),('trigger fired','2025-04-24 09:28:16'),('trigger fired','2025-04-24 09:28:16'),('trigger fired','2025-04-24 09:28:16'),('trigger fired','2025-04-24 09:28:16'),('trigger fired','2025-04-24 09:28:16'),('trigger fired','2025-04-24 09:28:16'),('trigger fired','2025-04-24 09:28:16'),('trigger fired','2025-04-24 09:28:16'),('trigger fired','2025-04-24 09:28:16'),('trigger fired','2025-04-24 09:28:16'),('trigger fired','2025-04-24 09:28:16'),('trigger fired','2025-04-24 09:28:16'),('trigger fired','2025-04-24 09:28:16'),('trigger fired','2025-04-24 09:28:17'),('trigger fired','2025-04-24 09:28:17'),('trigger fired','2025-04-24 09:28:17'),('trigger fired','2025-04-24 09:28:17'),('trigger fired','2025-04-24 09:28:17'),('trigger fired','2025-04-24 09:28:17'),('trigger fired','2025-04-24 09:28:17'),('trigger fired','2025-04-24 09:28:17'),('trigger fired','2025-04-24 09:28:17'),('trigger fired','2025-04-24 09:28:17'),('trigger fired','2025-04-24 09:28:17'),('trigger fired','2025-04-24 09:28:17'),('trigger fired','2025-04-24 09:28:17'),('trigger fired','2025-04-24 09:28:17'),('trigger fired','2025-04-24 09:28:17'),('trigger fired','2025-04-24 09:28:17'),('trigger fired','2025-04-24 09:28:17'),('trigger fired','2025-04-24 09:28:17'),('trigger fired','2025-04-24 09:28:17'),('trigger fired','2025-04-24 09:28:17'),('trigger fired','2025-04-24 09:28:17'),('trigger fired','2025-04-24 09:28:17'),('trigger fired','2025-04-24 09:28:17'),('trigger fired','2025-04-24 09:28:17'),('trigger fired','2025-04-24 09:28:17'),('trigger fired','2025-04-24 09:28:17'),('trigger fired','2025-04-24 09:28:17'),('trigger fired','2025-04-24 09:28:17'),('trigger fired','2025-04-24 09:28:17'),('trigger fired','2025-04-24 09:28:17'),('trigger fired','2025-04-24 09:28:17'),('trigger fired','2025-04-24 09:28:17'),('trigger fired','2025-04-24 09:28:17'),('trigger fired','2025-04-24 09:28:17'),('trigger fired','2025-04-24 09:28:17'),('trigger fired','2025-04-24 09:28:17'),('trigger fired','2025-04-24 09:28:17'),('trigger fired','2025-04-24 09:28:17'),('trigger fired','2025-04-24 09:28:17'),('trigger fired','2025-04-24 09:28:17'),('trigger fired','2025-04-24 09:28:17'),('trigger fired','2025-04-24 09:28:17'),('trigger fired','2025-04-24 09:28:17'),('trigger fired','2025-04-24 09:28:17'),('trigger fired','2025-04-24 09:28:17'),('trigger fired','2025-04-24 09:28:17'),('trigger fired','2025-04-24 09:28:17'),('trigger fired','2025-04-24 09:28:17'),('trigger fired','2025-04-24 09:28:17'),('trigger fired','2025-04-24 09:28:17'),('trigger fired','2025-04-24 09:28:17'),('trigger fired','2025-04-24 09:28:17'),('trigger fired','2025-04-24 09:28:17'),('trigger fired','2025-04-24 09:28:17'),('trigger fired','2025-04-24 09:28:17'),('trigger fired','2025-04-24 09:28:17'),('trigger fired','2025-04-24 09:28:17'),('trigger fired','2025-04-24 09:28:17'),('trigger fired','2025-04-24 09:28:17'),('trigger fired','2025-04-24 09:28:17'),('trigger fired','2025-04-24 09:28:17'),('trigger fired','2025-04-24 09:28:17'),('trigger fired','2025-04-24 09:28:17'),('trigger fired','2025-04-24 09:28:17'),('trigger fired','2025-04-24 09:28:17'),('trigger fired','2025-04-24 09:28:17'),('trigger fired','2025-04-24 09:28:17'),('trigger fired','2025-04-24 09:28:17'),('trigger fired','2025-04-24 09:28:17'),('trigger fired','2025-04-24 09:28:17'),('trigger fired','2025-04-24 09:28:17'),('trigger fired','2025-04-24 09:28:17'),('trigger fired','2025-04-24 09:28:17'),('trigger fired','2025-04-24 09:28:17'),('trigger fired','2025-04-24 09:28:17'),('trigger fired','2025-04-24 09:28:17'),('trigger fired','2025-04-24 09:28:17'),('trigger fired','2025-04-24 09:28:17'),('trigger fired','2025-04-24 09:28:17'),('trigger fired','2025-04-24 09:28:17'),('trigger fired','2025-04-24 09:28:17'),('trigger fired','2025-04-24 09:28:17'),('trigger fired','2025-04-24 09:28:17'),('trigger fired','2025-04-24 09:28:17'),('trigger fired','2025-04-24 09:28:17'),('trigger fired','2025-04-24 09:28:17'),('trigger fired','2025-04-24 09:28:17'),('trigger fired','2025-04-24 09:28:17'),('trigger fired','2025-04-24 09:28:17'),('trigger fired','2025-04-24 09:28:17'),('trigger fired','2025-04-24 09:28:17'),('trigger fired','2025-04-24 09:28:17'),('trigger fired','2025-04-24 09:28:17'),('trigger fired','2025-04-24 09:28:17'),('trigger fired','2025-04-24 09:28:17'),('trigger fired','2025-04-24 09:28:17'),('trigger fired','2025-04-24 09:28:17'),('trigger fired','2025-04-24 09:28:17'),('trigger fired','2025-04-24 09:28:17'),('trigger fired','2025-04-24 09:28:17'),('trigger fired','2025-04-24 09:28:17'),('trigger fired','2025-04-24 09:28:17'),('trigger fired','2025-04-24 09:28:17'),('trigger fired','2025-04-24 09:28:17'),('trigger fired','2025-04-24 09:28:17'),('trigger fired','2025-04-24 09:28:17'),('trigger fired','2025-04-24 09:28:17'),('trigger fired','2025-04-24 09:28:17'),('trigger fired','2025-04-24 09:28:17'),('trigger fired','2025-04-24 09:28:17'),('trigger fired','2025-04-24 09:28:17'),('trigger fired','2025-04-24 09:28:17'),('trigger fired','2025-04-24 09:28:17'),('trigger fired','2025-04-24 09:28:17'),('trigger fired','2025-04-24 09:28:17'),('trigger fired','2025-04-24 09:28:17'),('trigger fired','2025-04-24 09:28:17'),('trigger fired','2025-04-24 09:28:17'),('trigger fired','2025-04-24 09:28:17'),('trigger fired','2025-04-24 09:28:17'),('trigger fired','2025-04-24 09:28:17'),('trigger fired','2025-04-24 09:28:17'),('trigger fired','2025-04-24 09:28:17'),('trigger fired','2025-04-24 09:28:17'),('trigger fired','2025-04-24 09:28:17'),('trigger fired','2025-04-24 09:28:17'),('trigger fired','2025-04-24 09:28:17'),('trigger fired','2025-04-24 09:28:17'),('trigger fired','2025-04-24 09:28:17'),('trigger fired','2025-04-24 09:28:17'),('trigger fired','2025-04-24 09:28:17'),('trigger fired','2025-04-24 09:28:17'),('trigger fired','2025-04-24 09:28:17'),('trigger fired','2025-04-24 09:28:17'),('trigger fired','2025-04-24 09:28:17'),('trigger fired','2025-04-24 09:28:17'),('trigger fired','2025-04-24 09:28:17'),('trigger fired','2025-04-24 09:28:17'),('trigger fired','2025-04-24 09:28:17'),('trigger fired','2025-04-24 09:28:17'),('trigger fired','2025-04-24 09:28:17'),('trigger fired','2025-04-24 09:28:17'),('trigger fired','2025-04-24 09:28:18'),('trigger fired','2025-04-24 09:28:18'),('trigger fired','2025-04-24 09:28:18'),('trigger fired','2025-04-24 09:28:18'),('trigger fired','2025-04-24 09:28:18'),('trigger fired','2025-04-24 09:28:18'),('trigger fired','2025-04-24 09:28:18'),('trigger fired','2025-04-24 09:28:18'),('trigger fired','2025-04-24 09:28:18'),('trigger fired','2025-04-24 09:28:18'),('trigger fired','2025-04-24 09:28:18'),('trigger fired','2025-04-24 09:28:18'),('trigger fired','2025-04-24 09:28:18'),('trigger fired','2025-04-24 09:28:18'),('trigger fired','2025-04-24 09:28:18'),('trigger fired','2025-04-24 09:28:18'),('trigger fired','2025-04-24 09:28:18'),('trigger fired','2025-04-24 09:28:18'),('trigger fired','2025-04-24 09:28:18'),('trigger fired','2025-04-24 09:28:18'),('trigger fired','2025-04-24 09:28:18'),('trigger fired','2025-04-24 09:28:18'),('trigger fired','2025-04-24 09:28:18'),('trigger fired','2025-04-24 09:28:18'),('trigger fired','2025-04-24 09:28:18'),('trigger fired','2025-04-24 09:28:18'),('trigger fired','2025-04-24 09:28:18'),('trigger fired','2025-04-24 09:28:18'),('trigger fired','2025-04-24 09:28:18'),('trigger fired','2025-04-24 09:28:18'),('trigger fired','2025-04-24 09:28:18'),('trigger fired','2025-04-24 09:28:18'),('trigger fired','2025-04-24 09:28:18'),('trigger fired','2025-04-24 09:28:18'),('trigger fired','2025-04-24 09:28:18'),('trigger fired','2025-04-24 09:28:18'),('trigger fired','2025-04-24 09:28:18'),('trigger fired','2025-04-24 09:28:18'),('trigger fired','2025-04-24 09:28:18'),('trigger fired','2025-04-24 09:28:18'),('trigger fired','2025-04-24 09:28:18'),('trigger fired','2025-04-24 09:28:18'),('trigger fired','2025-04-24 09:28:18'),('trigger fired','2025-04-24 09:28:18'),('trigger fired','2025-04-24 09:28:18'),('trigger fired','2025-04-24 09:28:18'),('trigger fired','2025-04-24 09:28:18'),('trigger fired','2025-04-24 09:28:18'),('trigger fired','2025-04-24 09:28:18'),('trigger fired','2025-04-24 09:28:18'),('trigger fired','2025-04-24 09:28:18'),('trigger fired','2025-04-24 09:28:18'),('trigger fired','2025-04-24 09:28:18'),('trigger fired','2025-04-24 09:28:18'),('trigger fired','2025-04-24 09:28:18'),('trigger fired','2025-04-24 09:28:18'),('trigger fired','2025-04-24 09:28:18'),('trigger fired','2025-04-24 09:28:18'),('trigger fired','2025-04-24 09:28:18'),('trigger fired','2025-04-24 09:28:18'),('trigger fired','2025-04-24 09:28:18'),('trigger fired','2025-04-24 09:28:18'),('trigger fired','2025-04-24 09:28:18'),('trigger fired','2025-04-24 09:28:18'),('trigger fired','2025-04-24 09:28:18'),('trigger fired','2025-04-24 09:28:18'),('trigger fired','2025-04-24 09:28:18'),('trigger fired','2025-04-24 09:28:18'),('trigger fired','2025-04-24 09:28:18'),('trigger fired','2025-04-24 09:28:18'),('trigger fired','2025-04-24 09:28:18'),('trigger fired','2025-04-24 09:28:18'),('trigger fired','2025-04-24 09:28:18'),('trigger fired','2025-04-24 09:28:18'),('trigger fired','2025-04-24 09:28:18'),('trigger fired','2025-04-24 09:28:18'),('trigger fired','2025-04-24 09:28:18'),('trigger fired','2025-04-24 09:28:18'),('trigger fired','2025-04-24 09:28:18'),('trigger fired','2025-04-24 09:28:18'),('trigger fired','2025-04-24 09:28:18'),('trigger fired','2025-04-24 09:28:18'),('trigger fired','2025-04-24 09:28:18'),('trigger fired','2025-04-24 09:28:18'),('trigger fired','2025-04-24 09:28:18'),('trigger fired','2025-04-24 09:28:18'),('trigger fired','2025-04-24 09:28:18'),('trigger fired','2025-04-24 09:28:18'),('trigger fired','2025-04-24 09:28:18'),('trigger fired','2025-04-24 09:28:18'),('trigger fired','2025-04-24 09:28:18'),('trigger fired','2025-04-24 09:28:18'),('trigger fired','2025-04-24 09:28:18'),('trigger fired','2025-04-24 09:28:18'),('trigger fired','2025-04-24 09:28:18'),('trigger fired','2025-04-24 09:28:18'),('trigger fired','2025-04-24 09:28:18'),('trigger fired','2025-04-24 09:28:18'),('trigger fired','2025-04-24 09:28:18'),('trigger fired','2025-04-24 09:28:18'),('trigger fired','2025-04-24 09:28:18'),('trigger fired','2025-04-24 09:28:18'),('trigger fired','2025-04-24 09:28:18'),('trigger fired','2025-04-24 09:28:18'),('trigger fired','2025-04-24 09:28:18'),('trigger fired','2025-04-24 09:28:18'),('trigger fired','2025-04-24 09:28:18'),('trigger fired','2025-04-24 09:28:18'),('trigger fired','2025-04-24 09:28:18'),('trigger fired','2025-04-24 09:28:18'),('trigger fired','2025-04-24 09:28:18'),('trigger fired','2025-04-24 09:28:18'),('trigger fired','2025-04-24 09:28:18'),('trigger fired','2025-04-24 09:28:18'),('trigger fired','2025-04-24 09:28:18'),('trigger fired','2025-04-24 09:28:18'),('trigger fired','2025-04-24 09:28:18'),('trigger fired','2025-04-24 09:28:18'),('trigger fired','2025-04-24 09:28:18'),('trigger fired','2025-04-24 09:28:18'),('trigger fired','2025-04-24 09:28:18'),('trigger fired','2025-04-24 09:28:18'),('trigger fired','2025-04-24 09:28:18'),('trigger fired','2025-04-24 09:28:18'),('trigger fired','2025-04-24 09:28:18'),('trigger fired','2025-04-24 09:28:18'),('trigger fired','2025-04-24 09:28:18'),('trigger fired','2025-04-24 09:28:18'),('trigger fired','2025-04-24 09:28:18'),('trigger fired','2025-04-24 09:28:18'),('trigger fired','2025-04-24 09:28:18'),('trigger fired','2025-04-24 09:28:18'),('trigger fired','2025-04-24 09:28:18'),('trigger fired','2025-04-24 09:28:18'),('trigger fired','2025-04-24 09:28:18'),('trigger fired','2025-04-24 09:28:18'),('trigger fired','2025-04-24 09:28:18'),('trigger fired','2025-04-24 09:28:18'),('trigger fired','2025-04-24 09:28:18'),('trigger fired','2025-04-24 09:28:18'),('trigger fired','2025-04-24 09:28:18'),('trigger fired','2025-04-24 09:28:18'),('trigger fired','2025-04-24 09:28:18'),('trigger fired','2025-04-24 09:28:18'),('trigger fired','2025-04-24 09:28:18'),('trigger fired','2025-04-24 09:28:18'),('trigger fired','2025-04-24 09:28:18'),('trigger fired','2025-04-24 09:28:18'),('trigger fired','2025-04-24 09:28:18'),('trigger fired','2025-04-24 09:28:18'),('trigger fired','2025-04-24 09:28:18'),('trigger fired','2025-04-24 09:28:18'),('trigger fired','2025-04-24 09:28:18'),('trigger fired','2025-04-24 09:28:18'),('trigger fired','2025-04-24 09:28:18'),('trigger fired','2025-04-24 09:28:18'),('trigger fired','2025-04-24 09:28:18'),('trigger fired','2025-04-24 09:28:18'),('trigger fired','2025-04-24 09:28:18'),('trigger fired','2025-04-24 09:28:18'),('trigger fired','2025-04-24 09:28:18'),('trigger fired','2025-04-24 09:28:18'),('trigger fired','2025-04-24 09:28:18'),('trigger fired','2025-04-24 09:28:18'),('trigger fired','2025-04-24 09:28:18'),('trigger fired','2025-04-24 09:28:18'),('trigger fired','2025-04-24 09:28:18'),('trigger fired','2025-04-24 09:28:18'),('trigger fired','2025-04-24 09:28:18'),('trigger fired','2025-04-24 09:28:18'),('trigger fired','2025-04-24 09:28:18'),('trigger fired','2025-04-24 09:28:18'),('trigger fired','2025-04-24 09:28:18'),('trigger fired','2025-04-24 09:28:18'),('trigger fired','2025-04-24 09:28:18'),('trigger fired','2025-04-24 09:28:18'),('trigger fired','2025-04-24 09:28:18'),('trigger fired','2025-04-24 09:28:18'),('trigger fired','2025-04-24 09:28:18'),('trigger fired','2025-04-24 09:28:18'),('trigger fired','2025-04-24 09:28:18'),('trigger fired','2025-04-24 09:28:18'),('trigger fired','2025-04-24 09:28:18'),('trigger fired','2025-04-24 09:28:18'),('trigger fired','2025-04-24 09:28:18'),('trigger fired','2025-04-24 09:28:18'),('trigger fired','2025-04-24 09:28:18'),('trigger fired','2025-04-24 09:28:18'),('trigger fired','2025-04-24 09:28:18'),('trigger fired','2025-04-24 09:28:18'),('trigger fired','2025-04-24 09:28:18'),('trigger fired','2025-04-24 09:28:18'),('trigger fired','2025-04-24 09:28:18'),('trigger fired','2025-04-24 09:28:18'),('trigger fired','2025-04-24 09:28:18'),('trigger fired','2025-04-24 09:28:18'),('trigger fired','2025-04-24 09:28:18'),('trigger fired','2025-04-24 09:28:18'),('trigger fired','2025-04-24 09:28:18'),('trigger fired','2025-04-24 09:28:18'),('trigger fired','2025-04-24 09:28:18'),('trigger fired','2025-04-24 09:28:18'),('trigger fired','2025-04-24 09:28:18'),('trigger fired','2025-04-24 09:28:18'),('trigger fired','2025-04-24 09:28:18'),('trigger fired','2025-04-24 09:28:18'),('trigger fired','2025-04-24 09:28:18'),('trigger fired','2025-04-24 09:28:18'),('trigger fired','2025-04-24 09:28:18'),('trigger fired','2025-04-24 09:28:18'),('trigger fired','2025-04-24 09:28:18'),('trigger fired','2025-04-24 09:28:18'),('trigger fired','2025-04-24 09:28:18'),('trigger fired','2025-04-24 09:28:18'),('trigger fired','2025-04-24 09:28:18'),('trigger fired','2025-04-24 09:28:18'),('trigger fired','2025-04-24 09:28:18'),('trigger fired','2025-04-24 09:28:18'),('trigger fired','2025-04-24 09:28:18'),('trigger fired','2025-04-24 09:28:18'),('trigger fired','2025-04-24 09:28:18'),('trigger fired','2025-04-24 09:28:18'),('trigger fired','2025-04-24 09:28:18'),('trigger fired','2025-04-24 09:28:18'),('trigger fired','2025-04-24 09:28:18'),('trigger fired','2025-04-24 09:28:18'),('trigger fired','2025-04-24 09:28:18'),('trigger fired','2025-04-24 09:28:18'),('trigger fired','2025-04-24 09:28:18'),('trigger fired','2025-04-24 09:28:18'),('trigger fired','2025-04-24 09:28:18'),('trigger fired','2025-04-24 09:28:18'),('trigger fired','2025-04-24 09:28:18'),('trigger fired','2025-04-24 09:28:18'),('trigger fired','2025-04-24 09:28:18'),('trigger fired','2025-04-24 09:28:18'),('trigger fired','2025-04-24 09:28:18'),('trigger fired','2025-04-24 09:28:18'),('trigger fired','2025-04-24 09:28:18'),('trigger fired','2025-04-24 09:28:18'),('trigger fired','2025-04-24 09:28:18'),('trigger fired','2025-04-24 09:28:18'),('trigger fired','2025-04-24 09:28:18'),('trigger fired','2025-04-24 09:28:18'),('trigger fired','2025-04-24 09:28:18'),('trigger fired','2025-04-24 09:28:18'),('trigger fired','2025-04-24 09:28:18'),('trigger fired','2025-04-24 09:28:18'),('trigger fired','2025-04-24 09:28:18'),('trigger fired','2025-04-24 09:28:18'),('trigger fired','2025-04-24 09:28:18'),('trigger fired','2025-04-24 09:28:18'),('trigger fired','2025-04-24 09:28:18'),('trigger fired','2025-04-24 09:28:18'),('trigger fired','2025-04-24 09:28:18'),('trigger fired','2025-04-24 09:28:18'),('trigger fired','2025-04-24 09:28:18'),('trigger fired','2025-04-24 09:28:18'),('trigger fired','2025-04-24 09:28:18'),('trigger fired','2025-04-24 09:28:18'),('trigger fired','2025-04-24 09:28:18'),('trigger fired','2025-04-24 09:28:18'),('trigger fired','2025-04-24 09:28:18'),('trigger fired','2025-04-24 09:28:18'),('trigger fired','2025-04-24 09:28:18'),('trigger fired','2025-04-24 09:28:18'),('trigger fired','2025-04-24 09:28:18'),('trigger fired','2025-04-24 09:28:18'),('trigger fired','2025-04-24 09:28:18'),('trigger fired','2025-04-24 09:28:18'),('trigger fired','2025-04-24 09:28:18'),('trigger fired','2025-04-24 09:28:18'),('trigger fired','2025-04-24 09:28:18'),('trigger fired','2025-04-24 09:28:18'),('trigger fired','2025-04-24 09:28:18'),('trigger fired','2025-04-24 09:28:18'),('trigger fired','2025-04-24 09:28:18'),('trigger fired','2025-04-24 09:28:18'),('trigger fired','2025-04-24 09:28:18'),('trigger fired','2025-04-24 09:28:18'),('trigger fired','2025-04-24 09:28:18'),('trigger fired','2025-04-24 09:28:18'),('trigger fired','2025-04-24 09:28:18'),('trigger fired','2025-04-24 09:28:18'),('trigger fired','2025-04-24 09:28:18'),('trigger fired','2025-04-24 09:28:18'),('trigger fired','2025-04-24 09:28:18'),('trigger fired','2025-04-24 09:28:18'),('trigger fired','2025-04-24 09:28:18'),('trigger fired','2025-04-24 09:28:18'),('trigger fired','2025-04-24 09:28:18'),('trigger fired','2025-04-24 09:28:18'),('trigger fired','2025-04-24 09:28:18'),('trigger fired','2025-04-24 09:28:18'),('trigger fired','2025-04-24 09:28:18'),('trigger fired','2025-04-24 09:28:18'),('trigger fired','2025-04-24 09:28:18'),('trigger fired','2025-04-24 09:28:18'),('trigger fired','2025-04-24 09:28:18'),('trigger fired','2025-04-24 09:28:18'),('trigger fired','2025-04-24 09:28:18'),('trigger fired','2025-04-24 09:28:18'),('trigger fired','2025-04-24 09:28:18'),('trigger fired','2025-04-24 09:28:18'),('trigger fired','2025-04-24 09:28:18'),('trigger fired','2025-04-24 09:28:18'),('trigger fired','2025-04-24 09:28:18'),('trigger fired','2025-04-24 09:28:18'),('trigger fired','2025-04-24 09:28:18'),('trigger fired','2025-04-24 09:28:18'),('trigger fired','2025-04-24 09:28:18'),('trigger fired','2025-04-24 09:28:18'),('trigger fired','2025-04-24 09:28:18'),('trigger fired','2025-04-24 09:28:18'),('trigger fired','2025-04-24 09:28:18'),('trigger fired','2025-04-24 09:28:18'),('trigger fired','2025-04-24 09:28:18'),('trigger fired','2025-04-24 09:28:18'),('trigger fired','2025-04-24 09:28:18'),('trigger fired','2025-04-24 09:28:18'),('trigger fired','2025-04-24 09:28:18'),('trigger fired','2025-04-24 09:28:18'),('trigger fired','2025-04-24 09:28:18'),('trigger fired','2025-04-24 09:28:18'),('trigger fired','2025-04-24 09:28:18'),('trigger fired','2025-04-24 09:28:18'),('trigger fired','2025-04-24 09:28:18'),('trigger fired','2025-04-24 09:28:18'),('trigger fired','2025-04-24 09:28:18'),('trigger fired','2025-04-24 09:28:18'),('trigger fired','2025-04-24 09:28:18'),('trigger fired','2025-04-24 09:28:18'),('trigger fired','2025-04-24 09:28:18'),('trigger fired','2025-04-24 09:28:18'),('trigger fired','2025-04-24 09:28:18'),('trigger fired','2025-04-24 09:28:18'),('trigger fired','2025-04-24 09:28:18'),('trigger fired','2025-04-24 09:28:18'),('trigger fired','2025-04-24 09:28:18'),('trigger fired','2025-04-24 09:28:18'),('trigger fired','2025-04-24 09:28:18'),('trigger fired','2025-04-24 09:28:18'),('trigger fired','2025-04-24 09:28:18'),('trigger fired','2025-04-24 09:28:18'),('trigger fired','2025-04-24 09:28:18'),('trigger fired','2025-04-24 09:28:18'),('trigger fired','2025-04-24 09:28:18'),('trigger fired','2025-04-24 09:28:18'),('trigger fired','2025-04-24 09:28:18'),('trigger fired','2025-04-24 09:28:18'),('trigger fired','2025-04-24 09:28:18'),('trigger fired','2025-04-24 09:28:18'),('trigger fired','2025-04-24 09:28:18'),('trigger fired','2025-04-24 09:28:18'),('trigger fired','2025-04-24 09:28:18'),('trigger fired','2025-04-24 09:28:20'),('trigger fired','2025-04-24 09:28:20'),('trigger fired','2025-04-24 09:28:20'),('trigger fired','2025-04-24 09:28:20'),('trigger fired','2025-04-24 09:28:20'),('trigger fired','2025-04-24 09:28:20'),('trigger fired','2025-04-24 09:28:20'),('trigger fired','2025-04-24 09:28:20'),('trigger fired','2025-04-24 09:28:20'),('trigger fired','2025-04-24 09:28:20'),('trigger fired','2025-04-24 09:28:20'),('trigger fired','2025-04-24 09:28:20'),('trigger fired','2025-04-24 09:28:20'),('trigger fired','2025-04-24 09:28:20'),('trigger fired','2025-04-24 09:28:20'),('trigger fired','2025-04-24 09:28:20'),('trigger fired','2025-04-24 09:28:20'),('trigger fired','2025-04-24 09:28:20'),('trigger fired','2025-04-24 09:28:20'),('trigger fired','2025-04-24 09:28:20'),('trigger fired','2025-04-24 09:28:20'),('trigger fired','2025-04-24 09:28:20'),('trigger fired','2025-04-24 09:28:20'),('trigger fired','2025-04-24 09:28:20'),('trigger fired','2025-04-24 09:28:20'),('trigger fired','2025-04-24 09:28:20'),('trigger fired','2025-04-24 09:28:20'),('trigger fired','2025-04-24 09:28:20'),('trigger fired','2025-04-24 09:28:20'),('trigger fired','2025-04-24 09:28:20'),('trigger fired','2025-04-24 09:28:20'),('trigger fired','2025-04-24 09:28:20'),('trigger fired','2025-04-24 09:28:20'),('trigger fired','2025-04-24 09:28:20'),('trigger fired','2025-04-24 09:28:20'),('trigger fired','2025-04-24 09:28:20'),('trigger fired','2025-04-24 09:28:20'),('trigger fired','2025-04-24 09:28:20'),('trigger fired','2025-04-24 09:28:20'),('trigger fired','2025-04-24 09:28:20'),('trigger fired','2025-04-24 09:28:20'),('trigger fired','2025-04-24 09:28:20'),('trigger fired','2025-04-24 09:28:20'),('trigger fired','2025-04-24 09:28:20'),('trigger fired','2025-04-24 09:28:20'),('trigger fired','2025-04-24 09:28:20'),('trigger fired','2025-04-24 09:28:20'),('trigger fired','2025-04-24 09:28:20'),('trigger fired','2025-04-24 09:28:20'),('trigger fired','2025-04-24 09:28:20'),('trigger fired','2025-04-24 09:28:20'),('trigger fired','2025-04-24 09:28:20'),('trigger fired','2025-04-24 09:28:20'),('trigger fired','2025-04-24 09:28:20'),('trigger fired','2025-04-24 09:28:20'),('trigger fired','2025-04-24 09:28:20'),('trigger fired','2025-04-24 09:28:20'),('trigger fired','2025-04-24 09:28:20'),('trigger fired','2025-04-24 09:28:20'),('trigger fired','2025-04-24 09:28:20'),('trigger fired','2025-04-24 09:28:20'),('trigger fired','2025-04-24 09:28:20'),('trigger fired','2025-04-24 09:28:20'),('trigger fired','2025-04-24 09:28:20'),('trigger fired','2025-04-24 09:28:20'),('trigger fired','2025-04-24 09:28:20'),('trigger fired','2025-04-24 09:28:20'),('trigger fired','2025-04-24 09:28:20'),('trigger fired','2025-04-24 09:28:20'),('trigger fired','2025-04-24 09:28:20'),('trigger fired','2025-04-24 09:28:20'),('trigger fired','2025-04-24 09:28:20'),('trigger fired','2025-04-24 09:28:20'),('trigger fired','2025-04-24 09:28:20'),('trigger fired','2025-04-24 09:28:20'),('trigger fired','2025-04-24 09:28:20'),('trigger fired','2025-04-24 09:28:20'),('trigger fired','2025-04-24 09:28:20'),('trigger fired','2025-04-24 09:28:20'),('trigger fired','2025-04-24 09:28:20'),('trigger fired','2025-04-24 09:28:20'),('trigger fired','2025-04-24 09:28:20'),('trigger fired','2025-04-24 09:28:20'),('trigger fired','2025-04-24 09:28:20'),('trigger fired','2025-04-24 09:28:20'),('trigger fired','2025-04-24 09:28:20'),('trigger fired','2025-04-24 09:28:20'),('trigger fired','2025-04-24 09:28:20'),('trigger fired','2025-04-24 09:28:20'),('trigger fired','2025-04-24 09:28:20'),('trigger fired','2025-04-24 09:28:20'),('trigger fired','2025-04-24 09:28:20'),('trigger fired','2025-04-24 09:28:20'),('trigger fired','2025-04-24 09:28:20'),('trigger fired','2025-04-24 09:28:20'),('trigger fired','2025-04-24 09:28:20'),('trigger fired','2025-04-24 09:28:20'),('trigger fired','2025-04-24 09:28:20'),('trigger fired','2025-04-24 09:28:20'),('trigger fired','2025-04-24 09:28:20'),('trigger fired','2025-04-24 09:28:20'),('trigger fired','2025-04-24 09:28:20'),('trigger fired','2025-04-24 09:28:20'),('trigger fired','2025-04-24 09:28:20'),('trigger fired','2025-04-24 09:28:20'),('trigger fired','2025-04-24 09:28:20'),('trigger fired','2025-04-24 09:28:20'),('trigger fired','2025-04-24 09:28:20'),('trigger fired','2025-04-24 09:28:20'),('trigger fired','2025-04-24 09:28:20'),('trigger fired','2025-04-24 09:28:20'),('trigger fired','2025-04-24 09:28:20'),('trigger fired','2025-04-24 09:28:20'),('trigger fired','2025-04-24 09:28:20'),('trigger fired','2025-04-24 09:28:20'),('trigger fired','2025-04-24 09:28:20'),('trigger fired','2025-04-24 09:28:20'),('trigger fired','2025-04-24 09:28:20'),('trigger fired','2025-04-24 09:28:20'),('trigger fired','2025-04-24 09:28:20'),('trigger fired','2025-04-24 09:28:20'),('trigger fired','2025-04-24 09:28:20'),('trigger fired','2025-04-24 09:28:20'),('trigger fired','2025-04-24 09:28:20'),('trigger fired','2025-04-24 09:28:20'),('trigger fired','2025-04-24 09:28:20'),('trigger fired','2025-04-24 09:28:20'),('trigger fired','2025-04-24 09:28:20'),('trigger fired','2025-04-24 09:28:20'),('trigger fired','2025-04-24 09:28:20'),('trigger fired','2025-04-24 09:28:20'),('trigger fired','2025-04-24 09:28:20'),('trigger fired','2025-04-24 09:28:20'),('trigger fired','2025-04-24 09:28:20'),('trigger fired','2025-04-24 09:28:20'),('trigger fired','2025-04-24 09:28:20'),('trigger fired','2025-04-24 09:28:20'),('trigger fired','2025-04-24 09:28:20'),('trigger fired','2025-04-24 09:28:20'),('trigger fired','2025-04-24 09:28:20'),('trigger fired','2025-04-24 09:28:20'),('trigger fired','2025-04-24 09:28:20'),('trigger fired','2025-04-24 09:28:20'),('trigger fired','2025-04-24 09:28:20'),('trigger fired','2025-04-24 09:28:20'),('trigger fired','2025-04-24 09:28:20'),('trigger fired','2025-04-24 09:28:20'),('trigger fired','2025-04-24 09:28:20'),('trigger fired','2025-04-24 09:28:20'),('trigger fired','2025-04-24 09:28:20'),('trigger fired','2025-04-24 09:28:20'),('trigger fired','2025-04-24 09:28:20'),('trigger fired','2025-04-24 09:28:20'),('trigger fired','2025-04-24 09:28:20'),('trigger fired','2025-04-24 09:28:20'),('trigger fired','2025-04-24 09:28:20'),('trigger fired','2025-04-24 09:28:20'),('trigger fired','2025-04-24 09:28:20'),('trigger fired','2025-04-24 09:28:20'),('trigger fired','2025-04-24 09:28:20'),('trigger fired','2025-04-24 09:28:20'),('trigger fired','2025-04-24 09:28:20'),('trigger fired','2025-04-24 09:28:20'),('trigger fired','2025-04-24 09:28:20'),('trigger fired','2025-04-24 09:28:20'),('trigger fired','2025-04-24 09:28:20'),('trigger fired','2025-04-24 09:28:20'),('trigger fired','2025-04-24 09:28:20'),('trigger fired','2025-04-24 09:28:20'),('trigger fired','2025-04-24 09:28:20'),('trigger fired','2025-04-24 09:28:20'),('trigger fired','2025-04-24 09:28:20'),('trigger fired','2025-04-24 09:28:20'),('trigger fired','2025-04-24 09:28:20'),('trigger fired','2025-04-24 09:28:20'),('trigger fired','2025-04-24 09:28:20'),('trigger fired','2025-04-24 09:28:20'),('trigger fired','2025-04-24 09:28:20'),('trigger fired','2025-04-24 09:28:20'),('trigger fired','2025-04-24 09:28:20'),('trigger fired','2025-04-24 09:28:20'),('trigger fired','2025-04-24 09:28:20'),('trigger fired','2025-04-24 09:28:20'),('trigger fired','2025-04-24 09:28:20'),('trigger fired','2025-04-24 09:28:20'),('trigger fired','2025-04-24 09:28:20'),('trigger fired','2025-04-24 09:28:20'),('trigger fired','2025-04-24 09:28:20'),('trigger fired','2025-04-24 09:28:20'),('trigger fired','2025-04-24 09:28:20'),('trigger fired','2025-04-24 09:28:20'),('trigger fired','2025-04-24 09:28:20'),('trigger fired','2025-04-24 09:28:20'),('trigger fired','2025-04-24 09:28:20'),('trigger fired','2025-04-24 09:28:20'),('trigger fired','2025-04-24 09:28:20'),('trigger fired','2025-04-24 09:28:20'),('trigger fired','2025-04-24 09:28:20'),('trigger fired','2025-04-24 09:28:20'),('trigger fired','2025-04-24 09:28:20'),('trigger fired','2025-04-24 09:28:20'),('trigger fired','2025-04-24 09:28:20'),('trigger fired','2025-04-24 09:28:20'),('trigger fired','2025-04-24 09:28:20'),('trigger fired','2025-04-24 09:28:20'),('trigger fired','2025-04-24 09:28:20'),('trigger fired','2025-04-24 09:28:20'),('trigger fired','2025-04-24 09:28:20'),('trigger fired','2025-04-24 09:28:20'),('trigger fired','2025-04-24 09:28:20'),('trigger fired','2025-04-24 09:28:20'),('trigger fired','2025-04-24 09:28:20'),('trigger fired','2025-04-24 09:28:20'),('trigger fired','2025-04-24 09:28:20'),('trigger fired','2025-04-24 09:28:20'),('trigger fired','2025-04-24 09:28:20'),('trigger fired','2025-04-24 09:28:20'),('trigger fired','2025-04-24 09:28:20'),('trigger fired','2025-04-24 09:28:20'),('trigger fired','2025-04-24 09:28:20'),('trigger fired','2025-04-24 09:28:20'),('trigger fired','2025-04-24 09:28:20'),('trigger fired','2025-04-24 09:28:20'),('trigger fired','2025-04-24 09:28:20'),('trigger fired','2025-04-24 09:28:20'),('trigger fired','2025-04-24 09:28:20'),('trigger fired','2025-04-24 09:28:20'),('trigger fired','2025-04-24 09:28:20'),('trigger fired','2025-04-24 09:28:20'),('trigger fired','2025-04-24 09:28:20'),('trigger fired','2025-04-24 09:28:20'),('trigger fired','2025-04-24 09:28:20'),('trigger fired','2025-04-24 09:28:20'),('trigger fired','2025-04-24 09:28:20'),('trigger fired','2025-04-24 09:28:20'),('trigger fired','2025-04-24 09:28:20'),('trigger fired','2025-04-24 09:28:20'),('trigger fired','2025-04-24 09:28:20'),('trigger fired','2025-04-24 09:28:20'),('trigger fired','2025-04-24 09:28:20'),('trigger fired','2025-04-24 09:28:20'),('trigger fired','2025-04-24 09:28:20'),('trigger fired','2025-04-24 09:28:20'),('trigger fired','2025-04-24 09:28:20'),('trigger fired','2025-04-24 09:28:20'),('trigger fired','2025-04-24 09:28:20'),('trigger fired','2025-04-24 09:28:20'),('trigger fired','2025-04-24 09:28:20'),('trigger fired','2025-04-24 09:28:20'),('trigger fired','2025-04-24 09:28:20'),('trigger fired','2025-04-24 09:28:20'),('trigger fired','2025-04-24 09:28:20'),('trigger fired','2025-04-24 09:28:20'),('trigger fired','2025-04-24 09:28:20'),('trigger fired','2025-04-24 09:28:20'),('trigger fired','2025-04-24 09:28:20'),('trigger fired','2025-04-24 09:28:20'),('trigger fired','2025-04-24 09:28:20'),('trigger fired','2025-04-24 09:28:20'),('trigger fired','2025-04-24 09:28:20'),('trigger fired','2025-04-24 09:28:20'),('trigger fired','2025-04-24 09:28:20'),('trigger fired','2025-04-24 09:28:20'),('trigger fired','2025-04-24 09:28:20'),('trigger fired','2025-04-24 09:28:20'),('trigger fired','2025-04-24 09:28:20'),('trigger fired','2025-04-24 09:28:20'),('trigger fired','2025-04-24 09:28:20'),('trigger fired','2025-04-24 09:28:20'),('trigger fired','2025-04-24 09:28:20'),('trigger fired','2025-04-24 09:28:20'),('trigger fired','2025-04-24 09:28:20'),('trigger fired','2025-04-24 09:28:20'),('trigger fired','2025-04-24 09:28:20'),('trigger fired','2025-04-24 09:28:20'),('trigger fired','2025-04-24 09:28:20'),('trigger fired','2025-04-24 09:28:20'),('trigger fired','2025-04-24 09:28:20'),('trigger fired','2025-04-24 09:28:20'),('trigger fired','2025-04-24 09:28:20'),('trigger fired','2025-04-24 09:28:20'),('trigger fired','2025-04-24 09:28:20'),('trigger fired','2025-04-24 09:28:20'),('trigger fired','2025-04-24 09:28:20'),('trigger fired','2025-04-24 09:28:20'),('trigger fired','2025-04-24 09:28:20'),('trigger fired','2025-04-24 09:28:20'),('trigger fired','2025-04-24 09:28:20'),('trigger fired','2025-04-24 09:28:20'),('trigger fired','2025-04-24 09:28:20'),('trigger fired','2025-04-24 09:28:20'),('trigger fired','2025-04-24 09:28:20'),('trigger fired','2025-04-24 09:28:20'),('trigger fired','2025-04-24 09:28:20'),('trigger fired','2025-04-24 09:28:20'),('trigger fired','2025-04-24 09:28:20'),('trigger fired','2025-04-24 09:28:20'),('trigger fired','2025-04-24 09:28:20'),('trigger fired','2025-04-24 09:28:20'),('trigger fired','2025-04-24 09:28:20'),('trigger fired','2025-04-24 09:28:20'),('trigger fired','2025-04-24 09:28:20'),('trigger fired','2025-04-24 09:28:20'),('trigger fired','2025-04-24 09:28:20'),('trigger fired','2025-04-24 09:28:20'),('trigger fired','2025-04-24 09:28:20'),('trigger fired','2025-04-24 09:28:20'),('trigger fired','2025-04-24 09:28:20'),('trigger fired','2025-04-24 09:28:20'),('trigger fired','2025-04-24 09:28:20'),('trigger fired','2025-04-24 09:28:20'),('trigger fired','2025-04-24 09:28:20'),('trigger fired','2025-04-24 09:28:20'),('trigger fired','2025-04-24 09:28:20'),('trigger fired','2025-04-24 09:28:20'),('trigger fired','2025-04-24 09:28:20'),('trigger fired','2025-04-24 09:28:20'),('trigger fired','2025-04-24 09:28:20'),('trigger fired','2025-04-24 09:28:20'),('trigger fired','2025-04-24 09:28:20'),('trigger fired','2025-04-24 09:28:20'),('trigger fired','2025-04-24 09:28:20'),('trigger fired','2025-04-24 09:28:20'),('trigger fired','2025-04-24 09:28:20'),('trigger fired','2025-04-24 09:28:20'),('trigger fired','2025-04-24 09:28:20'),('trigger fired','2025-04-24 09:28:20'),('trigger fired','2025-04-24 09:28:20'),('trigger fired','2025-04-24 09:28:20'),('trigger fired','2025-04-24 09:28:20'),('trigger fired','2025-04-24 09:28:20'),('trigger fired','2025-04-24 09:28:20'),('trigger fired','2025-04-24 09:28:20'),('trigger fired','2025-04-24 09:28:20'),('trigger fired','2025-04-24 09:28:20'),('trigger fired','2025-04-24 09:28:20'),('trigger fired','2025-04-24 09:28:20'),('trigger fired','2025-04-24 09:28:20'),('trigger fired','2025-04-24 09:28:20'),('trigger fired','2025-04-24 09:28:20'),('trigger fired','2025-04-24 09:28:20'),('trigger fired','2025-04-24 09:28:20'),('trigger fired','2025-04-24 09:28:20'),('trigger fired','2025-04-24 09:28:20'),('trigger fired','2025-04-24 09:28:20'),('trigger fired','2025-04-24 09:28:20'),('trigger fired','2025-04-24 09:28:20'),('trigger fired','2025-04-24 09:28:20'),('trigger fired','2025-04-24 09:28:20'),('trigger fired','2025-04-24 09:28:20'),('trigger fired','2025-04-24 09:28:20'),('trigger fired','2025-04-24 09:28:20'),('trigger fired','2025-04-24 09:28:20'),('trigger fired','2025-04-24 09:28:20'),('trigger fired','2025-04-24 09:28:20'),('trigger fired','2025-04-24 09:28:21'),('trigger fired','2025-04-24 09:28:21'),('trigger fired','2025-04-24 09:28:21'),('trigger fired','2025-04-24 09:28:21'),('trigger fired','2025-04-24 09:28:21'),('trigger fired','2025-04-24 09:28:21'),('trigger fired','2025-04-24 09:28:21'),('trigger fired','2025-04-24 09:28:21'),('trigger fired','2025-04-24 09:28:21'),('trigger fired','2025-04-24 09:28:21'),('trigger fired','2025-04-24 09:28:21'),('trigger fired','2025-04-24 09:28:21'),('trigger fired','2025-04-24 09:28:21'),('trigger fired','2025-04-24 09:28:21'),('trigger fired','2025-04-24 09:28:21'),('trigger fired','2025-04-24 09:28:21'),('trigger fired','2025-04-24 09:28:21'),('trigger fired','2025-04-24 09:28:21'),('trigger fired','2025-04-24 09:28:21'),('trigger fired','2025-04-24 09:28:21'),('trigger fired','2025-04-24 09:28:21'),('trigger fired','2025-04-24 09:28:21'),('trigger fired','2025-04-24 09:28:21'),('trigger fired','2025-04-24 09:28:21'),('trigger fired','2025-04-24 09:28:21'),('trigger fired','2025-04-24 09:28:21'),('trigger fired','2025-04-24 09:28:21'),('trigger fired','2025-04-24 09:28:21'),('trigger fired','2025-04-24 09:28:21'),('trigger fired','2025-04-24 09:28:21'),('trigger fired','2025-04-24 09:28:21'),('trigger fired','2025-04-24 09:28:21'),('trigger fired','2025-04-24 09:28:21'),('trigger fired','2025-04-24 09:28:21'),('trigger fired','2025-04-24 09:28:21'),('trigger fired','2025-04-24 09:28:21'),('trigger fired','2025-04-24 09:28:21'),('trigger fired','2025-04-24 09:28:21'),('trigger fired','2025-04-24 09:28:21'),('trigger fired','2025-04-24 09:28:21'),('trigger fired','2025-04-24 09:28:21'),('trigger fired','2025-04-24 09:28:21'),('trigger fired','2025-04-24 09:28:21'),('trigger fired','2025-04-24 09:28:21'),('trigger fired','2025-04-24 09:28:21'),('trigger fired','2025-04-24 09:28:21'),('trigger fired','2025-04-24 09:28:21'),('trigger fired','2025-04-24 09:28:21'),('trigger fired','2025-04-24 09:28:21'),('trigger fired','2025-04-24 09:28:21'),('trigger fired','2025-04-24 09:28:21'),('trigger fired','2025-04-24 09:28:21'),('trigger fired','2025-04-24 09:28:21'),('trigger fired','2025-04-24 09:28:21'),('trigger fired','2025-04-24 09:28:21'),('trigger fired','2025-04-24 09:28:21'),('trigger fired','2025-04-24 09:28:21'),('trigger fired','2025-04-24 09:28:21'),('trigger fired','2025-04-24 09:28:21'),('trigger fired','2025-04-24 09:28:21'),('trigger fired','2025-04-24 09:28:21'),('trigger fired','2025-04-24 09:28:21'),('trigger fired','2025-04-24 09:28:21'),('trigger fired','2025-04-24 09:28:21'),('trigger fired','2025-04-24 09:28:21'),('trigger fired','2025-04-24 09:28:21'),('trigger fired','2025-04-24 09:28:21'),('trigger fired','2025-04-24 09:28:21'),('trigger fired','2025-04-24 09:28:21'),('trigger fired','2025-04-24 09:28:21'),('trigger fired','2025-04-24 09:28:21'),('trigger fired','2025-04-24 09:28:21'),('trigger fired','2025-04-24 09:28:21'),('trigger fired','2025-04-24 09:28:21'),('trigger fired','2025-04-24 09:28:21'),('trigger fired','2025-04-24 09:28:21'),('trigger fired','2025-04-24 09:28:21'),('trigger fired','2025-04-24 09:28:21'),('trigger fired','2025-04-24 09:28:21'),('trigger fired','2025-04-24 09:28:21'),('trigger fired','2025-04-24 09:28:21'),('trigger fired','2025-04-24 09:28:21'),('trigger fired','2025-04-24 09:28:21'),('trigger fired','2025-04-24 09:28:21'),('trigger fired','2025-04-24 09:28:21'),('trigger fired','2025-04-24 09:28:21'),('trigger fired','2025-04-24 09:28:21'),('trigger fired','2025-04-24 09:28:21'),('trigger fired','2025-04-24 09:28:21'),('trigger fired','2025-04-24 09:28:21'),('trigger fired','2025-04-24 09:28:21'),('trigger fired','2025-04-24 09:28:21'),('trigger fired','2025-04-24 09:28:21'),('trigger fired','2025-04-24 09:28:21'),('trigger fired','2025-04-24 09:28:21'),('trigger fired','2025-04-24 09:28:21'),('trigger fired','2025-04-24 09:28:21'),('trigger fired','2025-04-24 09:28:21'),('trigger fired','2025-04-24 09:28:21'),('trigger fired','2025-04-24 09:28:21'),('trigger fired','2025-04-24 09:28:21'),('trigger fired','2025-04-24 09:28:21'),('trigger fired','2025-04-24 09:28:21'),('trigger fired','2025-04-24 09:28:21'),('trigger fired','2025-04-24 09:28:21'),('trigger fired','2025-04-24 09:28:21'),('trigger fired','2025-04-24 09:28:21'),('trigger fired','2025-04-24 09:28:21'),('trigger fired','2025-04-24 09:28:21'),('trigger fired','2025-04-24 09:28:21'),('trigger fired','2025-04-24 09:28:21'),('trigger fired','2025-04-24 09:28:21'),('trigger fired','2025-04-24 09:28:21'),('trigger fired','2025-04-24 09:28:21'),('trigger fired','2025-04-24 09:28:21'),('trigger fired','2025-04-24 09:28:21'),('trigger fired','2025-04-24 09:28:21'),('trigger fired','2025-04-24 09:28:21'),('trigger fired','2025-04-24 09:28:21'),('trigger fired','2025-04-24 09:28:21'),('trigger fired','2025-04-24 09:28:21'),('trigger fired','2025-04-24 09:28:21'),('trigger fired','2025-04-24 09:28:21'),('trigger fired','2025-04-24 09:28:21'),('trigger fired','2025-04-24 09:28:21'),('trigger fired','2025-04-24 09:28:21'),('trigger fired','2025-04-24 09:28:21'),('trigger fired','2025-04-24 09:28:21'),('trigger fired','2025-04-24 09:28:21'),('trigger fired','2025-04-24 09:28:21'),('trigger fired','2025-04-24 09:28:21'),('trigger fired','2025-04-24 09:28:21'),('trigger fired','2025-04-24 09:28:21'),('trigger fired','2025-04-24 09:28:21'),('trigger fired','2025-04-24 09:28:21'),('trigger fired','2025-04-24 09:28:21'),('trigger fired','2025-04-24 09:28:21'),('trigger fired','2025-04-24 09:28:21'),('trigger fired','2025-04-24 09:28:21'),('trigger fired','2025-04-24 09:28:21'),('trigger fired','2025-04-24 09:28:21'),('trigger fired','2025-04-24 09:28:21'),('trigger fired','2025-04-24 09:28:21'),('trigger fired','2025-04-24 09:28:21'),('trigger fired','2025-04-24 09:28:21'),('trigger fired','2025-04-24 09:28:21'),('trigger fired','2025-04-24 09:28:21'),('trigger fired','2025-04-24 09:28:21'),('trigger fired','2025-04-24 09:28:21'),('trigger fired','2025-04-24 09:28:21'),('trigger fired','2025-04-24 09:28:21'),('trigger fired','2025-04-24 09:28:21'),('trigger fired','2025-04-24 09:28:21'),('trigger fired','2025-04-24 09:28:21'),('trigger fired','2025-04-24 09:28:21'),('trigger fired','2025-04-24 09:28:21'),('trigger fired','2025-04-24 09:28:21'),('trigger fired','2025-04-24 09:28:21'),('trigger fired','2025-04-24 09:28:21'),('trigger fired','2025-04-24 09:28:21'),('trigger fired','2025-04-24 09:28:21'),('trigger fired','2025-04-24 09:28:21'),('trigger fired','2025-04-24 09:28:21'),('trigger fired','2025-04-24 09:28:21'),('trigger fired','2025-04-24 09:28:21'),('trigger fired','2025-04-24 09:28:21'),('trigger fired','2025-04-24 09:28:21'),('trigger fired','2025-04-24 09:28:21'),('trigger fired','2025-04-24 09:28:21'),('trigger fired','2025-04-24 09:28:21'),('trigger fired','2025-04-24 09:28:21'),('trigger fired','2025-04-24 09:28:21'),('trigger fired','2025-04-24 09:28:21'),('trigger fired','2025-04-24 09:28:21'),('trigger fired','2025-04-24 09:28:21'),('trigger fired','2025-04-24 09:28:21'),('trigger fired','2025-04-24 09:28:21'),('trigger fired','2025-04-24 09:28:21'),('trigger fired','2025-04-24 09:28:21'),('trigger fired','2025-04-24 09:28:21'),('trigger fired','2025-04-24 09:28:21'),('trigger fired','2025-04-24 09:28:21'),('trigger fired','2025-04-24 09:28:21'),('trigger fired','2025-04-24 09:28:21'),('trigger fired','2025-04-24 09:28:21'),('trigger fired','2025-04-24 09:28:21'),('trigger fired','2025-04-24 09:28:21'),('trigger fired','2025-04-24 09:28:21'),('trigger fired','2025-04-24 09:28:21'),('trigger fired','2025-04-24 09:28:21'),('trigger fired','2025-04-24 09:28:21'),('trigger fired','2025-04-24 09:28:21'),('trigger fired','2025-04-24 09:28:21'),('trigger fired','2025-04-24 09:28:21'),('trigger fired','2025-04-24 09:28:21'),('trigger fired','2025-04-24 09:28:21'),('trigger fired','2025-04-24 09:28:21'),('trigger fired','2025-04-24 09:28:21'),('trigger fired','2025-04-24 09:28:21'),('trigger fired','2025-04-24 09:28:21'),('trigger fired','2025-04-24 09:28:21'),('trigger fired','2025-04-24 09:28:21'),('trigger fired','2025-04-24 09:28:21'),('trigger fired','2025-04-24 09:28:21'),('trigger fired','2025-04-24 09:28:21'),('trigger fired','2025-04-24 09:28:21'),('trigger fired','2025-04-24 09:28:21'),('trigger fired','2025-04-24 09:28:21'),('trigger fired','2025-04-24 09:28:21'),('trigger fired','2025-04-24 09:28:21'),('trigger fired','2025-04-24 09:28:21'),('trigger fired','2025-04-24 09:28:21'),('trigger fired','2025-04-24 09:28:21'),('trigger fired','2025-04-24 09:28:21'),('trigger fired','2025-04-24 09:28:21'),('trigger fired','2025-04-24 09:28:21'),('trigger fired','2025-04-24 09:28:21'),('trigger fired','2025-04-24 09:28:21'),('trigger fired','2025-04-24 09:28:21'),('trigger fired','2025-04-24 09:28:21'),('trigger fired','2025-04-24 09:28:21'),('trigger fired','2025-04-24 09:28:21'),('trigger fired','2025-04-24 09:28:21'),('trigger fired','2025-04-24 09:28:21'),('trigger fired','2025-04-24 09:28:21'),('trigger fired','2025-04-24 09:28:21'),('trigger fired','2025-04-24 09:28:21'),('trigger fired','2025-04-24 09:28:21'),('trigger fired','2025-04-24 09:28:21'),('trigger fired','2025-04-24 09:28:21'),('trigger fired','2025-04-24 09:28:21'),('trigger fired','2025-04-24 09:28:21'),('trigger fired','2025-04-24 09:28:21'),('trigger fired','2025-04-24 09:28:21'),('trigger fired','2025-04-24 09:28:21'),('trigger fired','2025-04-24 09:28:21'),('trigger fired','2025-04-24 09:28:21'),('trigger fired','2025-04-24 09:28:21'),('trigger fired','2025-04-24 09:28:21'),('trigger fired','2025-04-24 09:28:21'),('trigger fired','2025-04-24 09:28:21'),('trigger fired','2025-04-24 09:28:21'),('trigger fired','2025-04-24 09:28:21'),('trigger fired','2025-04-24 09:28:21'),('trigger fired','2025-04-24 09:28:21'),('trigger fired','2025-04-24 09:28:21'),('trigger fired','2025-04-24 09:28:21'),('trigger fired','2025-04-24 09:28:21'),('trigger fired','2025-04-24 09:28:21'),('trigger fired','2025-04-24 09:28:21'),('trigger fired','2025-04-24 09:28:21'),('trigger fired','2025-04-24 09:28:21'),('trigger fired','2025-04-24 09:28:21'),('trigger fired','2025-04-24 09:28:21'),('trigger fired','2025-04-24 09:28:21'),('trigger fired','2025-04-24 09:28:21'),('trigger fired','2025-04-24 09:28:21'),('trigger fired','2025-04-24 09:28:21'),('trigger fired','2025-04-24 09:28:21'),('trigger fired','2025-04-24 09:28:21'),('trigger fired','2025-04-24 09:28:21'),('trigger fired','2025-04-24 09:28:21'),('trigger fired','2025-04-24 09:28:21'),('trigger fired','2025-04-24 09:28:21'),('trigger fired','2025-04-24 09:28:21'),('trigger fired','2025-04-24 09:28:21'),('trigger fired','2025-04-24 09:28:21'),('trigger fired','2025-04-24 09:28:21'),('trigger fired','2025-04-24 09:28:21'),('trigger fired','2025-04-24 09:28:21'),('trigger fired','2025-04-24 09:28:21'),('trigger fired','2025-04-24 09:28:21'),('trigger fired','2025-04-24 09:28:21'),('trigger fired','2025-04-24 09:28:21'),('trigger fired','2025-04-24 09:28:21'),('trigger fired','2025-04-24 09:28:21'),('trigger fired','2025-04-24 09:28:21'),('trigger fired','2025-04-24 09:28:21'),('trigger fired','2025-04-24 09:28:21'),('trigger fired','2025-04-24 09:28:21'),('trigger fired','2025-04-24 09:28:21'),('trigger fired','2025-04-24 09:28:21'),('trigger fired','2025-04-24 09:28:21'),('trigger fired','2025-04-24 09:28:21'),('trigger fired','2025-04-24 09:28:21'),('trigger fired','2025-04-24 09:28:21'),('trigger fired','2025-04-24 09:28:21'),('trigger fired','2025-04-24 09:28:21'),('trigger fired','2025-04-24 09:28:21'),('trigger fired','2025-04-24 09:28:21'),('trigger fired','2025-04-24 09:28:21'),('trigger fired','2025-04-24 09:28:21'),('trigger fired','2025-04-24 09:28:21'),('trigger fired','2025-04-24 09:28:21'),('trigger fired','2025-04-24 09:28:21'),('trigger fired','2025-04-24 09:28:21'),('trigger fired','2025-04-24 09:28:21'),('trigger fired','2025-04-24 09:28:21'),('trigger fired','2025-04-24 09:28:21'),('trigger fired','2025-04-24 09:28:21'),('trigger fired','2025-04-24 09:28:21'),('trigger fired','2025-04-24 09:28:21'),('trigger fired','2025-04-24 09:28:21'),('trigger fired','2025-04-24 09:28:21'),('trigger fired','2025-04-24 09:28:21'),('trigger fired','2025-04-24 09:28:21'),('trigger fired','2025-04-24 09:28:21'),('trigger fired','2025-04-24 09:28:21'),('trigger fired','2025-04-24 09:28:21'),('trigger fired','2025-04-24 09:28:21'),('trigger fired','2025-04-24 09:28:21'),('trigger fired','2025-04-24 09:28:21'),('trigger fired','2025-04-24 09:28:21'),('trigger fired','2025-04-24 09:28:21'),('trigger fired','2025-04-24 09:28:21'),('trigger fired','2025-04-24 09:28:21'),('trigger fired','2025-04-24 09:28:21'),('trigger fired','2025-04-24 09:28:21'),('trigger fired','2025-04-24 09:28:21'),('trigger fired','2025-04-24 09:28:21'),('trigger fired','2025-04-24 09:28:21'),('trigger fired','2025-04-24 09:28:21'),('trigger fired','2025-04-24 09:28:21'),('trigger fired','2025-04-24 09:28:21'),('trigger fired','2025-04-24 09:28:21'),('trigger fired','2025-04-24 09:28:21'),('trigger fired','2025-04-24 09:28:21'),('trigger fired','2025-04-24 09:28:21'),('trigger fired','2025-04-24 09:28:21'),('trigger fired','2025-04-24 09:28:21'),('trigger fired','2025-04-24 09:28:21'),('trigger fired','2025-04-24 09:28:21'),('trigger fired','2025-04-24 09:28:21'),('trigger fired','2025-04-24 09:28:21'),('trigger fired','2025-04-24 09:28:21'),('trigger fired','2025-04-24 09:28:21'),('trigger fired','2025-04-24 09:28:21'),('trigger fired','2025-04-24 09:28:21'),('trigger fired','2025-04-24 09:28:21'),('trigger fired','2025-04-24 09:28:21'),('trigger fired','2025-04-24 09:28:21'),('trigger fired','2025-04-24 09:28:21'),('trigger fired','2025-04-24 09:28:21'),('trigger fired','2025-04-24 09:28:21'),('trigger fired','2025-04-24 09:28:21'),('trigger fired','2025-04-24 09:28:21'),('trigger fired','2025-04-24 09:28:21'),('trigger fired','2025-04-24 09:28:21'),('trigger fired','2025-04-24 09:28:21'),('trigger fired','2025-04-24 09:28:21'),('trigger fired','2025-04-24 09:28:21'),('trigger fired','2025-04-24 09:28:21'),('trigger fired','2025-04-24 09:28:21'),('trigger fired','2025-04-24 09:28:21'),('trigger fired','2025-04-24 09:28:21'),('trigger fired','2025-04-24 09:28:22'),('trigger fired','2025-04-24 09:28:22'),('trigger fired','2025-04-24 09:28:22'),('trigger fired','2025-04-24 09:28:22'),('trigger fired','2025-04-24 09:28:22'),('trigger fired','2025-04-24 09:28:22'),('trigger fired','2025-04-24 09:28:22'),('trigger fired','2025-04-24 09:28:22'),('trigger fired','2025-04-24 09:28:22'),('trigger fired','2025-04-24 09:28:22'),('trigger fired','2025-04-24 09:28:22'),('trigger fired','2025-04-24 09:28:22'),('trigger fired','2025-04-24 09:28:22'),('trigger fired','2025-04-24 09:28:22'),('trigger fired','2025-04-24 09:28:22'),('trigger fired','2025-04-24 09:28:22'),('trigger fired','2025-04-24 09:28:22'),('trigger fired','2025-04-24 09:28:22'),('trigger fired','2025-04-24 09:28:22'),('trigger fired','2025-04-24 09:28:22'),('trigger fired','2025-04-24 09:28:22'),('trigger fired','2025-04-24 09:28:22'),('trigger fired','2025-04-24 09:28:22'),('trigger fired','2025-04-24 09:28:22'),('trigger fired','2025-04-24 09:28:22'),('trigger fired','2025-04-24 09:28:22'),('trigger fired','2025-04-24 09:28:22'),('trigger fired','2025-04-24 09:28:22'),('trigger fired','2025-04-24 09:28:22'),('trigger fired','2025-04-24 09:28:22'),('trigger fired','2025-04-24 09:28:22'),('trigger fired','2025-04-24 09:28:22'),('trigger fired','2025-04-24 09:28:22'),('trigger fired','2025-04-24 09:28:22'),('trigger fired','2025-04-24 09:28:22'),('trigger fired','2025-04-24 09:28:22'),('trigger fired','2025-04-24 09:28:22'),('trigger fired','2025-04-24 09:28:22'),('trigger fired','2025-04-24 09:28:22'),('trigger fired','2025-04-24 09:28:22'),('trigger fired','2025-04-24 09:28:22'),('trigger fired','2025-04-24 09:28:22'),('trigger fired','2025-04-24 09:28:22'),('trigger fired','2025-04-24 09:28:22'),('trigger fired','2025-04-24 09:28:22'),('trigger fired','2025-04-24 09:28:22'),('trigger fired','2025-04-24 09:28:22'),('trigger fired','2025-04-24 09:28:22'),('trigger fired','2025-04-24 09:28:22'),('trigger fired','2025-04-24 09:28:22'),('trigger fired','2025-04-24 09:28:22'),('trigger fired','2025-04-24 09:28:22'),('trigger fired','2025-04-24 09:28:22'),('trigger fired','2025-04-24 09:28:22'),('trigger fired','2025-04-24 09:28:22'),('trigger fired','2025-04-24 09:28:22'),('trigger fired','2025-04-24 09:28:22'),('trigger fired','2025-04-24 09:28:22'),('trigger fired','2025-04-24 09:28:22'),('trigger fired','2025-04-24 09:28:22'),('trigger fired','2025-04-24 09:28:22'),('trigger fired','2025-04-24 09:28:22'),('trigger fired','2025-04-24 09:28:22'),('trigger fired','2025-04-24 09:28:22'),('trigger fired','2025-04-24 09:28:22'),('trigger fired','2025-04-24 09:28:22'),('trigger fired','2025-04-24 09:28:22'),('trigger fired','2025-04-24 09:28:22'),('trigger fired','2025-04-24 09:28:22'),('trigger fired','2025-04-24 09:28:22'),('trigger fired','2025-04-24 09:28:22'),('trigger fired','2025-04-24 09:28:22'),('trigger fired','2025-04-24 09:28:22'),('trigger fired','2025-04-24 09:28:22'),('trigger fired','2025-04-24 09:28:22'),('trigger fired','2025-04-24 09:28:22'),('trigger fired','2025-04-24 09:28:22'),('trigger fired','2025-04-24 09:28:22'),('trigger fired','2025-04-24 09:28:22'),('trigger fired','2025-04-24 09:28:22'),('trigger fired','2025-04-24 09:28:22'),('trigger fired','2025-04-24 09:28:22'),('trigger fired','2025-04-24 09:28:22'),('trigger fired','2025-04-24 09:28:22'),('trigger fired','2025-04-24 09:28:22'),('trigger fired','2025-04-24 09:28:22'),('trigger fired','2025-04-24 09:28:22'),('trigger fired','2025-04-24 09:28:22'),('trigger fired','2025-04-24 09:28:22'),('trigger fired','2025-04-24 09:28:22'),('trigger fired','2025-04-24 09:28:22'),('trigger fired','2025-04-24 09:28:22'),('trigger fired','2025-04-24 09:28:22'),('trigger fired','2025-04-24 09:28:22'),('trigger fired','2025-04-24 09:28:22'),('trigger fired','2025-04-24 09:28:22'),('trigger fired','2025-04-24 09:28:22'),('trigger fired','2025-04-24 09:28:22'),('trigger fired','2025-04-24 09:28:22'),('trigger fired','2025-04-24 09:28:22'),('trigger fired','2025-04-24 09:28:22'),('trigger fired','2025-04-24 09:28:22'),('trigger fired','2025-04-24 09:28:22'),('trigger fired','2025-04-24 09:28:22'),('trigger fired','2025-04-24 09:28:22'),('trigger fired','2025-04-24 09:28:22'),('trigger fired','2025-04-24 09:28:22'),('trigger fired','2025-04-24 09:28:22'),('trigger fired','2025-04-24 09:28:22'),('trigger fired','2025-04-24 09:28:22'),('trigger fired','2025-04-24 09:28:22'),('trigger fired','2025-04-24 09:28:22'),('trigger fired','2025-04-24 09:28:22'),('trigger fired','2025-04-24 09:28:22'),('trigger fired','2025-04-24 09:28:22'),('trigger fired','2025-04-24 09:28:22'),('trigger fired','2025-04-24 09:28:22'),('trigger fired','2025-04-24 09:28:22'),('trigger fired','2025-04-24 09:28:22'),('trigger fired','2025-04-24 09:28:22'),('trigger fired','2025-04-24 09:28:22'),('trigger fired','2025-04-24 09:28:22'),('trigger fired','2025-04-24 09:28:22'),('trigger fired','2025-04-24 09:28:22'),('trigger fired','2025-04-24 09:28:22'),('trigger fired','2025-04-24 09:28:22'),('trigger fired','2025-04-24 09:28:22'),('trigger fired','2025-04-24 09:28:22'),('trigger fired','2025-04-24 09:28:22'),('trigger fired','2025-04-24 09:28:22'),('trigger fired','2025-04-24 09:28:22'),('trigger fired','2025-04-24 09:28:22'),('trigger fired','2025-04-24 09:28:22'),('trigger fired','2025-04-24 09:28:22'),('trigger fired','2025-04-24 09:28:22'),('trigger fired','2025-04-24 09:28:22'),('trigger fired','2025-04-24 09:28:22'),('trigger fired','2025-04-24 09:28:22'),('trigger fired','2025-04-24 09:28:22'),('trigger fired','2025-04-24 09:28:22'),('trigger fired','2025-04-24 09:28:22'),('trigger fired','2025-04-24 09:28:22'),('trigger fired','2025-04-24 09:28:22'),('trigger fired','2025-04-24 09:28:22'),('trigger fired','2025-04-24 09:28:22'),('trigger fired','2025-04-24 09:28:22'),('trigger fired','2025-04-24 09:28:22'),('trigger fired','2025-04-24 09:28:22'),('trigger fired','2025-04-24 09:28:22'),('trigger fired','2025-04-24 09:28:22'),('trigger fired','2025-04-24 09:28:22'),('trigger fired','2025-04-24 09:28:22'),('trigger fired','2025-04-24 09:28:22'),('trigger fired','2025-04-24 09:28:22'),('trigger fired','2025-04-24 09:28:22'),('trigger fired','2025-04-24 09:28:22'),('trigger fired','2025-04-24 09:28:22'),('trigger fired','2025-04-24 09:28:22'),('trigger fired','2025-04-24 09:28:22'),('trigger fired','2025-04-24 09:28:22'),('trigger fired','2025-04-24 09:28:22'),('trigger fired','2025-04-24 09:28:22'),('trigger fired','2025-04-24 09:28:22'),('trigger fired','2025-04-24 09:28:22'),('trigger fired','2025-04-24 09:28:22'),('trigger fired','2025-04-24 09:28:22'),('trigger fired','2025-04-24 09:28:22'),('trigger fired','2025-04-24 09:28:22'),('trigger fired','2025-04-24 09:28:22'),('trigger fired','2025-04-24 09:28:22'),('trigger fired','2025-04-24 09:28:22'),('trigger fired','2025-04-24 09:28:22'),('trigger fired','2025-04-24 09:28:22'),('trigger fired','2025-04-24 09:28:22'),('trigger fired','2025-04-24 09:28:22'),('trigger fired','2025-04-24 09:28:22'),('trigger fired','2025-04-24 09:28:22'),('trigger fired','2025-04-24 09:28:22'),('trigger fired','2025-04-24 09:28:22'),('trigger fired','2025-04-24 09:28:22'),('trigger fired','2025-04-24 09:28:22'),('trigger fired','2025-04-24 09:28:22'),('trigger fired','2025-04-24 09:28:22'),('trigger fired','2025-04-24 09:28:22'),('trigger fired','2025-04-24 09:28:22'),('trigger fired','2025-04-24 09:28:22'),('trigger fired','2025-04-24 09:28:22'),('trigger fired','2025-04-24 09:28:22'),('trigger fired','2025-04-24 09:28:22'),('trigger fired','2025-04-24 09:28:22'),('trigger fired','2025-04-24 09:28:22'),('trigger fired','2025-04-24 09:28:22'),('trigger fired','2025-04-24 09:28:22'),('trigger fired','2025-04-24 09:28:22'),('trigger fired','2025-04-24 09:28:22'),('trigger fired','2025-04-24 09:28:22'),('trigger fired','2025-04-24 09:28:22'),('trigger fired','2025-04-24 09:28:22'),('trigger fired','2025-04-24 09:28:22'),('trigger fired','2025-04-24 09:28:22'),('trigger fired','2025-04-24 09:28:22'),('trigger fired','2025-04-24 09:28:22'),('trigger fired','2025-04-24 09:28:22'),('trigger fired','2025-04-24 09:28:22'),('trigger fired','2025-04-24 09:28:22'),('trigger fired','2025-04-24 09:28:22'),('trigger fired','2025-04-24 09:28:22'),('trigger fired','2025-04-24 09:28:22'),('trigger fired','2025-04-24 09:28:22'),('trigger fired','2025-04-24 09:28:22'),('trigger fired','2025-04-24 09:28:22'),('trigger fired','2025-04-24 09:28:22'),('trigger fired','2025-04-24 09:28:22'),('trigger fired','2025-04-24 09:28:22'),('trigger fired','2025-04-24 09:28:22'),('trigger fired','2025-04-24 09:28:22'),('trigger fired','2025-04-24 09:28:22'),('trigger fired','2025-04-24 09:28:22'),('trigger fired','2025-04-24 09:28:22'),('trigger fired','2025-04-24 09:28:22'),('trigger fired','2025-04-24 09:28:22'),('trigger fired','2025-04-24 09:28:22'),('trigger fired','2025-04-24 09:28:22'),('trigger fired','2025-04-24 09:28:22'),('trigger fired','2025-04-24 09:28:22'),('trigger fired','2025-04-24 09:28:22'),('trigger fired','2025-04-24 09:28:22'),('trigger fired','2025-04-24 09:28:22'),('trigger fired','2025-04-24 09:28:22'),('trigger fired','2025-04-24 09:28:22'),('trigger fired','2025-04-24 09:28:22'),('trigger fired','2025-04-24 09:28:22'),('trigger fired','2025-04-24 09:28:22'),('trigger fired','2025-04-24 09:28:22'),('trigger fired','2025-04-24 09:28:22'),('trigger fired','2025-04-24 09:28:22'),('trigger fired','2025-04-24 09:28:22'),('trigger fired','2025-04-24 09:28:22'),('trigger fired','2025-04-24 09:28:22'),('trigger fired','2025-04-24 09:28:22'),('trigger fired','2025-04-24 09:28:22'),('trigger fired','2025-04-24 09:28:22'),('trigger fired','2025-04-24 09:28:22'),('trigger fired','2025-04-24 09:28:22'),('trigger fired','2025-04-24 09:28:22'),('trigger fired','2025-04-24 09:28:22'),('trigger fired','2025-04-24 09:28:22'),('trigger fired','2025-04-24 09:28:22'),('trigger fired','2025-04-24 09:28:22'),('trigger fired','2025-04-24 09:28:22'),('trigger fired','2025-04-24 09:28:22'),('trigger fired','2025-04-24 09:28:22'),('trigger fired','2025-04-24 09:28:22'),('trigger fired','2025-04-24 09:28:22'),('trigger fired','2025-04-24 09:28:22'),('trigger fired','2025-04-24 09:28:22'),('trigger fired','2025-04-24 09:28:22'),('trigger fired','2025-04-24 09:28:22'),('trigger fired','2025-04-24 09:28:22'),('trigger fired','2025-04-24 09:28:22'),('trigger fired','2025-04-24 09:28:22'),('trigger fired','2025-04-24 09:28:22'),('trigger fired','2025-04-24 09:28:22'),('trigger fired','2025-04-24 09:28:22'),('trigger fired','2025-04-24 09:28:22'),('trigger fired','2025-04-24 09:28:22'),('trigger fired','2025-04-24 09:28:22'),('trigger fired','2025-04-24 09:28:22'),('trigger fired','2025-04-24 09:28:22'),('trigger fired','2025-04-24 09:28:22'),('trigger fired','2025-04-24 09:28:22'),('trigger fired','2025-04-24 09:28:22'),('trigger fired','2025-04-24 09:28:22'),('trigger fired','2025-04-24 09:28:22'),('trigger fired','2025-04-24 09:28:22'),('trigger fired','2025-04-24 09:28:22'),('trigger fired','2025-04-24 09:28:22'),('trigger fired','2025-04-24 09:28:22'),('trigger fired','2025-04-24 09:28:22'),('trigger fired','2025-04-24 09:28:22'),('trigger fired','2025-04-24 09:28:22'),('trigger fired','2025-04-24 09:28:22'),('trigger fired','2025-04-24 09:28:22'),('trigger fired','2025-04-24 09:28:22'),('trigger fired','2025-04-24 09:28:23'),('trigger fired','2025-04-24 09:28:23'),('trigger fired','2025-04-24 09:28:23'),('trigger fired','2025-04-24 09:28:23'),('trigger fired','2025-04-24 09:28:23'),('trigger fired','2025-04-24 09:28:23'),('trigger fired','2025-04-24 09:28:23'),('trigger fired','2025-04-24 09:28:23'),('trigger fired','2025-04-24 09:28:23'),('trigger fired','2025-04-24 09:28:23'),('trigger fired','2025-04-24 09:28:23'),('trigger fired','2025-04-24 09:28:23'),('trigger fired','2025-04-24 09:28:23'),('trigger fired','2025-04-24 09:28:23'),('trigger fired','2025-04-24 09:28:23'),('trigger fired','2025-04-24 09:28:23'),('trigger fired','2025-04-24 09:28:23'),('trigger fired','2025-04-24 09:28:23'),('trigger fired','2025-04-24 09:28:23'),('trigger fired','2025-04-24 09:28:23'),('trigger fired','2025-04-24 09:28:23'),('trigger fired','2025-04-24 09:28:23'),('trigger fired','2025-04-24 09:28:23'),('trigger fired','2025-04-24 09:28:23'),('trigger fired','2025-04-24 09:28:23'),('trigger fired','2025-04-24 09:28:23'),('trigger fired','2025-04-24 09:28:23'),('trigger fired','2025-04-24 09:28:23'),('trigger fired','2025-04-24 09:28:23'),('trigger fired','2025-04-24 09:28:23'),('trigger fired','2025-04-24 09:28:23'),('trigger fired','2025-04-24 09:28:23'),('trigger fired','2025-04-24 09:28:23'),('trigger fired','2025-04-24 09:28:23'),('trigger fired','2025-04-24 09:28:23'),('trigger fired','2025-04-24 09:28:23'),('trigger fired','2025-04-24 09:28:23'),('trigger fired','2025-04-24 09:28:23'),('trigger fired','2025-04-24 09:28:23'),('trigger fired','2025-04-24 09:28:23'),('trigger fired','2025-04-24 09:28:23'),('trigger fired','2025-04-24 09:28:23'),('trigger fired','2025-04-24 09:28:23'),('trigger fired','2025-04-24 09:28:23'),('trigger fired','2025-04-24 09:28:23'),('trigger fired','2025-04-24 09:28:23'),('trigger fired','2025-04-24 09:28:23'),('trigger fired','2025-04-24 09:28:23'),('trigger fired','2025-04-24 09:28:23'),('trigger fired','2025-04-24 09:28:23'),('trigger fired','2025-04-24 09:28:23'),('trigger fired','2025-04-24 09:28:23'),('trigger fired','2025-04-24 09:28:23'),('trigger fired','2025-04-24 09:28:23'),('trigger fired','2025-04-24 09:28:23'),('trigger fired','2025-04-24 09:28:23'),('trigger fired','2025-04-24 09:28:23'),('trigger fired','2025-04-24 09:28:23'),('trigger fired','2025-04-24 09:28:23'),('trigger fired','2025-04-24 09:28:23'),('trigger fired','2025-04-24 09:28:23'),('trigger fired','2025-04-24 09:28:23'),('trigger fired','2025-04-24 09:28:23'),('trigger fired','2025-04-24 09:28:23'),('trigger fired','2025-04-24 09:28:23'),('trigger fired','2025-04-24 09:28:23'),('trigger fired','2025-04-24 09:28:23'),('trigger fired','2025-04-24 09:28:23'),('trigger fired','2025-04-24 09:28:23'),('trigger fired','2025-04-24 09:28:23'),('trigger fired','2025-04-24 09:28:23'),('trigger fired','2025-04-24 09:29:32'),('trigger fired','2025-04-24 09:29:32'),('trigger fired','2025-04-24 09:29:37'),('trigger fired','2025-04-24 09:29:37'),('trigger fired','2025-04-24 11:53:58'),('trigger fired','2025-04-24 11:53:58'),('trigger fired','2025-04-24 11:53:58'),('trigger fired','2025-04-24 11:53:58'),('trigger fired','2025-04-24 11:53:58'),('trigger fired','2025-04-24 11:53:58'),('trigger fired','2025-04-24 11:53:58'),('trigger fired','2025-04-24 11:53:58'),('trigger fired','2025-04-24 11:53:58'),('trigger fired','2025-04-24 11:53:58'),('trigger fired','2025-04-24 11:53:58'),('trigger fired','2025-04-24 11:53:58'),('trigger fired','2025-04-24 11:53:58'),('trigger fired','2025-04-24 11:53:58'),('trigger fired','2025-04-24 11:53:58'),('trigger fired','2025-04-24 11:53:58'),('trigger fired','2025-04-24 11:53:58'),('trigger fired','2025-04-24 11:53:58'),('trigger fired','2025-04-24 11:53:58'),('trigger fired','2025-04-24 11:53:58'),('trigger fired','2025-04-24 11:53:58'),('trigger fired','2025-04-24 11:53:58'),('trigger fired','2025-04-24 11:53:58'),('trigger fired','2025-04-24 11:53:58'),('trigger fired','2025-04-24 11:53:58'),('trigger fired','2025-04-24 11:53:58'),('trigger fired','2025-04-24 11:53:58'),('trigger fired','2025-04-24 11:53:58'),('trigger fired','2025-04-24 11:53:58'),('trigger fired','2025-04-24 11:53:58'),('trigger fired','2025-04-24 11:53:58'),('trigger fired','2025-04-24 11:53:58'),('trigger fired','2025-04-24 11:53:58'),('trigger fired','2025-04-24 11:53:58'),('trigger fired','2025-04-24 11:53:58'),('trigger fired','2025-04-24 11:53:58'),('trigger fired','2025-04-24 11:53:58'),('trigger fired','2025-04-24 11:53:58'),('trigger fired','2025-04-24 11:53:58'),('trigger fired','2025-04-24 11:53:58'),('trigger fired','2025-04-24 11:53:58'),('trigger fired','2025-04-24 11:53:58'),('trigger fired','2025-04-24 11:53:58'),('trigger fired','2025-04-24 11:53:58'),('trigger fired','2025-04-24 11:53:58'),('trigger fired','2025-04-24 11:53:58'),('trigger fired','2025-04-24 11:53:58'),('trigger fired','2025-04-24 11:53:58'),('trigger fired','2025-04-24 11:53:58'),('trigger fired','2025-04-24 11:53:58'),('trigger fired','2025-04-24 11:53:58'),('trigger fired','2025-04-24 11:53:58'),('trigger fired','2025-04-24 11:53:58'),('trigger fired','2025-04-24 11:53:58'),('trigger fired','2025-04-24 11:53:58'),('trigger fired','2025-04-24 11:53:58'),('trigger fired','2025-04-24 11:53:58'),('trigger fired','2025-04-24 11:53:58'),('trigger fired','2025-04-24 11:53:58'),('trigger fired','2025-04-24 11:53:58'),('trigger fired','2025-04-24 11:53:58'),('trigger fired','2025-04-24 11:53:58'),('trigger fired','2025-04-24 11:53:58'),('trigger fired','2025-04-24 11:53:58'),('trigger fired','2025-04-24 11:53:58'),('trigger fired','2025-04-24 11:53:58'),('trigger fired','2025-04-24 11:53:58'),('trigger fired','2025-04-24 11:53:58'),('trigger fired','2025-04-24 11:53:58'),('trigger fired','2025-04-24 11:53:58'),('trigger fired','2025-04-24 11:53:58'),('trigger fired','2025-04-24 11:53:58'),('trigger fired','2025-04-24 11:53:58'),('trigger fired','2025-04-24 11:53:58'),('trigger fired','2025-04-24 11:53:58'),('trigger fired','2025-04-24 11:53:58'),('trigger fired','2025-04-24 11:53:58'),('trigger fired','2025-04-24 11:53:58'),('trigger fired','2025-04-24 11:53:58'),('trigger fired','2025-04-24 11:53:58'),('trigger fired','2025-04-24 11:53:58'),('trigger fired','2025-04-24 11:53:58'),('trigger fired','2025-04-24 11:53:58'),('trigger fired','2025-04-24 11:53:58'),('trigger fired','2025-04-24 11:53:58'),('trigger fired','2025-04-24 11:53:58'),('trigger fired','2025-04-24 11:53:58'),('trigger fired','2025-04-24 11:53:58'),('trigger fired','2025-04-24 11:53:58'),('trigger fired','2025-04-24 11:53:58'),('trigger fired','2025-04-24 11:53:58'),('trigger fired','2025-04-24 11:53:58'),('trigger fired','2025-04-24 11:53:58'),('trigger fired','2025-04-24 11:53:58'),('trigger fired','2025-04-24 11:53:58'),('trigger fired','2025-04-24 11:53:58'),('trigger fired','2025-04-24 11:53:58'),('trigger fired','2025-04-24 11:53:58'),('trigger fired','2025-04-24 11:53:58'),('trigger fired','2025-04-24 11:53:58'),('trigger fired','2025-04-24 11:53:58'),('trigger fired','2025-04-24 11:53:58'),('trigger fired','2025-04-24 11:53:58'),('trigger fired','2025-04-24 11:53:58'),('trigger fired','2025-04-24 11:53:58'),('trigger fired','2025-04-24 11:53:58'),('trigger fired','2025-04-24 11:53:58'),('trigger fired','2025-04-24 11:53:58'),('trigger fired','2025-04-24 11:53:58'),('trigger fired','2025-04-24 11:53:58'),('trigger fired','2025-04-24 11:53:58'),('trigger fired','2025-04-24 11:53:58'),('trigger fired','2025-04-24 11:53:58'),('trigger fired','2025-04-24 11:53:58'),('trigger fired','2025-04-24 11:53:58'),('trigger fired','2025-04-24 11:53:58'),('trigger fired','2025-04-24 11:53:58'),('trigger fired','2025-04-24 11:53:58'),('trigger fired','2025-04-24 11:53:58'),('trigger fired','2025-04-24 11:53:58'),('trigger fired','2025-04-24 11:53:58'),('trigger fired','2025-04-24 11:53:58'),('trigger fired','2025-04-24 11:53:58'),('trigger fired','2025-04-24 11:53:58'),('trigger fired','2025-04-24 11:53:58'),('trigger fired','2025-04-24 11:53:58'),('trigger fired','2025-04-24 11:53:58'),('trigger fired','2025-04-24 11:53:58'),('trigger fired','2025-04-24 11:53:58'),('trigger fired','2025-04-24 11:53:58'),('trigger fired','2025-04-24 11:53:58'),('trigger fired','2025-04-24 11:53:58'),('trigger fired','2025-04-24 11:53:58'),('trigger fired','2025-04-24 11:53:58'),('trigger fired','2025-04-24 11:53:58'),('trigger fired','2025-04-24 11:53:58'),('trigger fired','2025-04-24 11:53:58'),('trigger fired','2025-04-24 11:53:58'),('trigger fired','2025-04-24 11:53:58'),('trigger fired','2025-04-24 11:53:58'),('trigger fired','2025-04-24 11:53:58'),('trigger fired','2025-04-24 11:53:58'),('trigger fired','2025-04-24 11:53:58'),('trigger fired','2025-04-24 11:53:58'),('trigger fired','2025-04-24 11:53:58'),('trigger fired','2025-04-24 11:53:58'),('trigger fired','2025-04-24 11:53:58'),('trigger fired','2025-04-24 11:53:58'),('trigger fired','2025-04-24 11:53:58'),('trigger fired','2025-04-24 11:53:58'),('trigger fired','2025-04-24 11:53:58'),('trigger fired','2025-04-24 11:53:58'),('trigger fired','2025-04-24 11:53:58'),('trigger fired','2025-04-24 11:53:58'),('trigger fired','2025-04-24 11:53:58'),('trigger fired','2025-04-24 11:53:58'),('trigger fired','2025-04-24 11:53:58'),('trigger fired','2025-04-24 11:53:58'),('trigger fired','2025-04-24 11:53:58'),('trigger fired','2025-04-24 11:53:58'),('trigger fired','2025-04-24 11:53:58'),('trigger fired','2025-04-24 11:53:58'),('trigger fired','2025-04-24 11:53:58'),('trigger fired','2025-04-24 11:53:58'),('trigger fired','2025-04-24 11:53:58'),('trigger fired','2025-04-24 11:53:58'),('trigger fired','2025-04-24 11:53:58'),('trigger fired','2025-04-24 11:53:58'),('trigger fired','2025-04-24 11:53:58'),('trigger fired','2025-04-24 11:53:58'),('trigger fired','2025-04-24 11:53:58'),('trigger fired','2025-04-24 11:53:58'),('trigger fired','2025-04-24 11:53:58'),('trigger fired','2025-04-24 11:53:58'),('trigger fired','2025-04-24 11:53:58'),('trigger fired','2025-04-24 11:53:58'),('trigger fired','2025-04-24 11:53:58'),('trigger fired','2025-04-24 11:53:58'),('trigger fired','2025-04-24 11:53:58'),('trigger fired','2025-04-24 11:53:58'),('trigger fired','2025-04-24 11:53:58'),('trigger fired','2025-04-24 11:53:58'),('trigger fired','2025-04-24 11:53:58'),('trigger fired','2025-04-24 11:53:58'),('trigger fired','2025-04-24 11:53:58'),('trigger fired','2025-04-24 11:53:58'),('trigger fired','2025-04-24 11:53:58'),('trigger fired','2025-04-24 11:53:58'),('trigger fired','2025-04-24 11:53:58'),('trigger fired','2025-04-24 11:53:58'),('trigger fired','2025-04-24 11:53:58'),('trigger fired','2025-04-24 11:53:58'),('trigger fired','2025-04-24 11:53:58'),('trigger fired','2025-04-24 11:53:58'),('trigger fired','2025-04-24 11:53:58'),('trigger fired','2025-04-24 11:53:58'),('trigger fired','2025-04-24 11:53:58'),('trigger fired','2025-04-24 11:53:58'),('trigger fired','2025-04-24 11:53:58'),('trigger fired','2025-04-24 11:53:58'),('trigger fired','2025-04-24 11:53:58'),('trigger fired','2025-04-24 11:53:58'),('trigger fired','2025-04-24 11:53:58'),('trigger fired','2025-04-24 11:53:58'),('trigger fired','2025-04-24 11:53:58'),('trigger fired','2025-04-24 11:53:58'),('trigger fired','2025-04-24 11:53:58'),('trigger fired','2025-04-24 11:53:58'),('trigger fired','2025-04-24 11:53:58'),('trigger fired','2025-04-24 11:53:58'),('trigger fired','2025-04-24 11:53:58'),('trigger fired','2025-04-24 11:53:58'),('trigger fired','2025-04-24 11:53:58'),('trigger fired','2025-04-24 11:53:58'),('trigger fired','2025-04-24 11:53:58'),('trigger fired','2025-04-24 11:53:58'),('trigger fired','2025-04-24 11:53:58'),('trigger fired','2025-04-24 11:53:58'),('trigger fired','2025-04-24 11:53:58'),('trigger fired','2025-04-24 11:53:58'),('trigger fired','2025-04-24 11:53:58'),('trigger fired','2025-04-24 11:53:58'),('trigger fired','2025-04-24 11:53:58'),('trigger fired','2025-04-24 11:53:58'),('trigger fired','2025-04-24 11:53:58'),('trigger fired','2025-04-24 11:53:58'),('trigger fired','2025-04-24 11:53:58'),('trigger fired','2025-04-24 11:53:58'),('trigger fired','2025-04-24 11:53:58'),('trigger fired','2025-04-24 11:53:58'),('trigger fired','2025-04-24 11:53:58'),('trigger fired','2025-04-24 11:53:58'),('trigger fired','2025-04-24 11:53:58'),('trigger fired','2025-04-24 11:53:58'),('trigger fired','2025-04-24 11:53:58'),('trigger fired','2025-04-24 11:53:58'),('trigger fired','2025-04-24 11:53:58'),('trigger fired','2025-04-24 11:53:58'),('trigger fired','2025-04-24 11:53:58'),('trigger fired','2025-04-24 11:53:58'),('trigger fired','2025-04-24 11:53:58'),('trigger fired','2025-04-24 11:53:58'),('trigger fired','2025-04-24 11:53:58'),('trigger fired','2025-04-24 11:53:58'),('trigger fired','2025-04-24 11:53:58'),('trigger fired','2025-04-24 11:53:58'),('trigger fired','2025-04-24 11:53:58'),('trigger fired','2025-04-24 11:53:58'),('trigger fired','2025-04-24 11:53:58'),('trigger fired','2025-04-24 11:53:58'),('trigger fired','2025-04-24 11:53:58'),('trigger fired','2025-04-24 11:53:58'),('trigger fired','2025-04-24 11:53:58'),('trigger fired','2025-04-24 11:53:58'),('trigger fired','2025-04-24 11:53:58'),('trigger fired','2025-04-24 11:53:58'),('trigger fired','2025-04-24 11:53:58'),('trigger fired','2025-04-24 11:53:58'),('trigger fired','2025-04-24 11:53:58'),('trigger fired','2025-04-24 11:53:58'),('trigger fired','2025-04-24 11:53:58'),('trigger fired','2025-04-24 11:53:58'),('trigger fired','2025-04-24 11:53:58'),('trigger fired','2025-04-24 11:53:58'),('trigger fired','2025-04-24 11:53:58'),('trigger fired','2025-04-24 11:53:58'),('trigger fired','2025-04-24 11:53:58'),('trigger fired','2025-04-24 11:53:58'),('trigger fired','2025-04-24 11:53:58'),('trigger fired','2025-04-24 11:53:58'),('trigger fired','2025-04-24 11:53:58'),('trigger fired','2025-04-24 11:53:58'),('trigger fired','2025-04-24 11:53:58'),('trigger fired','2025-04-24 11:53:58'),('trigger fired','2025-04-24 11:53:58'),('trigger fired','2025-04-24 11:53:58'),('trigger fired','2025-04-24 11:53:58'),('trigger fired','2025-04-24 11:53:58'),('trigger fired','2025-04-24 11:53:58'),('trigger fired','2025-04-24 11:53:58'),('trigger fired','2025-04-24 11:53:58'),('trigger fired','2025-04-24 11:53:58'),('trigger fired','2025-04-24 11:53:58'),('trigger fired','2025-04-24 11:53:58'),('trigger fired','2025-04-24 11:53:58'),('trigger fired','2025-04-24 11:53:58'),('trigger fired','2025-04-24 11:53:58'),('trigger fired','2025-04-24 11:53:58'),('trigger fired','2025-04-24 11:53:58'),('trigger fired','2025-04-24 11:53:58'),('trigger fired','2025-04-24 11:53:58'),('trigger fired','2025-04-24 11:53:58'),('trigger fired','2025-04-24 11:53:58'),('trigger fired','2025-04-24 11:53:58'),('trigger fired','2025-04-24 11:53:58'),('trigger fired','2025-04-24 11:53:58'),('trigger fired','2025-04-24 11:53:58'),('trigger fired','2025-04-24 11:53:58'),('trigger fired','2025-04-24 11:53:58'),('trigger fired','2025-04-24 11:53:58'),('trigger fired','2025-04-24 11:53:58'),('trigger fired','2025-04-24 11:53:58'),('trigger fired','2025-04-24 11:53:58'),('trigger fired','2025-04-24 11:53:58'),('trigger fired','2025-04-24 11:53:58'),('trigger fired','2025-04-24 11:53:58'),('trigger fired','2025-04-24 11:53:58'),('trigger fired','2025-04-24 11:53:58'),('trigger fired','2025-04-24 11:53:58'),('trigger fired','2025-04-24 11:53:58'),('trigger fired','2025-04-24 11:53:58'),('trigger fired','2025-04-24 11:53:58'),('trigger fired','2025-04-24 11:53:58'),('trigger fired','2025-04-24 11:53:58'),('trigger fired','2025-04-24 11:53:58'),('trigger fired','2025-04-24 11:53:58'),('trigger fired','2025-04-24 11:53:58'),('trigger fired','2025-04-24 11:53:58'),('trigger fired','2025-04-24 11:53:58'),('trigger fired','2025-04-24 11:53:58'),('trigger fired','2025-04-24 11:53:58'),('trigger fired','2025-04-24 11:53:58'),('trigger fired','2025-04-24 11:53:58'),('trigger fired','2025-04-24 11:53:58'),('trigger fired','2025-04-24 11:53:58'),('trigger fired','2025-04-24 11:53:58'),('trigger fired','2025-04-24 11:53:58'),('trigger fired','2025-04-24 11:53:58'),('trigger fired','2025-04-24 11:53:58'),('trigger fired','2025-04-24 11:53:58'),('trigger fired','2025-04-24 11:53:58'),('trigger fired','2025-04-24 11:53:58'),('trigger fired','2025-04-24 11:53:58'),('trigger fired','2025-04-24 11:53:58'),('trigger fired','2025-04-24 11:53:58'),('trigger fired','2025-04-24 11:53:58'),('trigger fired','2025-04-24 11:53:58'),('trigger fired','2025-04-24 11:53:58'),('trigger fired','2025-04-24 11:53:58'),('trigger fired','2025-04-24 11:53:58'),('trigger fired','2025-04-24 11:53:58'),('trigger fired','2025-04-24 11:53:58'),('trigger fired','2025-04-24 11:53:58'),('trigger fired','2025-04-24 11:53:58'),('trigger fired','2025-04-24 11:53:58'),('trigger fired','2025-04-24 11:53:58'),('trigger fired','2025-04-24 11:53:58'),('trigger fired','2025-04-24 11:53:58'),('trigger fired','2025-04-24 11:53:58'),('trigger fired','2025-04-24 11:53:58'),('trigger fired','2025-04-24 11:53:58'),('trigger fired','2025-04-24 11:53:58'),('trigger fired','2025-04-24 11:53:58'),('trigger fired','2025-04-24 11:53:58'),('trigger fired','2025-04-24 11:53:58'),('trigger fired','2025-04-24 11:53:58'),('trigger fired','2025-04-24 11:53:58'),('trigger fired','2025-04-24 11:53:58'),('trigger fired','2025-04-24 11:53:58'),('trigger fired','2025-04-24 11:53:58'),('trigger fired','2025-04-24 12:02:03'),('trigger fired','2025-04-24 12:02:03'),('trigger fired','2025-04-24 12:17:52'),('trigger fired','2025-04-24 12:17:52'),('trigger fired','2025-04-24 12:20:42'),('trigger fired','2025-04-24 12:21:42'),('trigger fired','2025-04-24 12:21:42'),('trigger fired','2025-04-24 13:09:53'),('trigger fired','2025-04-24 13:09:53'),('trigger fired','2025-04-24 13:10:57'),('trigger fired','2025-04-24 13:10:57'),('trigger fired','2025-04-24 13:10:57'),('trigger fired','2025-04-24 13:10:57'),('trigger fired','2025-04-24 13:10:57'),('trigger fired','2025-04-24 13:10:57'),('trigger fired','2025-04-24 13:10:57'),('trigger fired','2025-04-24 13:10:57'),('trigger fired','2025-04-24 13:10:57'),('trigger fired','2025-04-24 13:10:57'),('trigger fired','2025-04-24 13:10:57'),('trigger fired','2025-04-24 13:10:57'),('trigger fired','2025-04-24 13:10:57'),('trigger fired','2025-04-24 13:10:57'),('trigger fired','2025-04-24 13:10:57'),('trigger fired','2025-04-24 13:10:57'),('trigger fired','2025-04-24 13:10:57'),('trigger fired','2025-04-24 13:10:57'),('trigger fired','2025-04-24 13:10:57'),('trigger fired','2025-04-24 13:10:57'),('trigger fired','2025-04-24 13:10:57'),('trigger fired','2025-04-24 13:10:57'),('trigger fired','2025-04-24 13:10:57'),('trigger fired','2025-04-24 13:10:57'),('trigger fired','2025-04-24 13:10:57'),('trigger fired','2025-04-24 13:10:57'),('trigger fired','2025-04-24 13:10:57'),('trigger fired','2025-04-24 13:10:57'),('trigger fired','2025-04-24 13:10:57'),('trigger fired','2025-04-24 13:10:57'),('trigger fired','2025-04-24 13:10:57'),('trigger fired','2025-04-24 13:10:57'),('trigger fired','2025-04-24 13:10:57'),('trigger fired','2025-04-24 13:10:57'),('trigger fired','2025-04-24 13:10:57'),('trigger fired','2025-04-24 13:10:57'),('trigger fired','2025-04-24 13:10:57'),('trigger fired','2025-04-24 13:10:57'),('trigger fired','2025-04-24 13:10:57'),('trigger fired','2025-04-24 13:10:57'),('trigger fired','2025-04-24 13:10:57'),('trigger fired','2025-04-24 13:10:57'),('trigger fired','2025-04-24 13:10:57'),('trigger fired','2025-04-24 13:10:57'),('trigger fired','2025-04-24 13:10:57'),('trigger fired','2025-04-24 13:10:57'),('trigger fired','2025-04-24 13:10:57'),('trigger fired','2025-04-24 13:10:57'),('trigger fired','2025-04-24 13:10:57'),('trigger fired','2025-04-24 13:10:57'),('trigger fired','2025-04-24 13:10:57'),('trigger fired','2025-04-24 13:10:57'),('trigger fired','2025-04-24 13:10:57'),('trigger fired','2025-04-24 13:10:57'),('trigger fired','2025-04-24 13:10:57'),('trigger fired','2025-04-24 13:10:57'),('trigger fired','2025-04-24 13:10:57'),('trigger fired','2025-04-24 13:10:57'),('trigger fired','2025-04-24 13:10:57'),('trigger fired','2025-04-24 13:10:57'),('trigger fired','2025-04-24 13:10:57'),('trigger fired','2025-04-24 13:10:57'),('trigger fired','2025-04-24 13:10:57'),('trigger fired','2025-04-24 13:10:57'),('trigger fired','2025-04-24 13:10:57'),('trigger fired','2025-04-24 13:10:57'),('trigger fired','2025-04-24 13:10:57'),('trigger fired','2025-04-24 13:10:57'),('trigger fired','2025-04-24 13:10:57'),('trigger fired','2025-04-24 13:10:57'),('trigger fired','2025-04-24 13:10:57'),('trigger fired','2025-04-24 13:10:57'),('trigger fired','2025-04-24 13:10:57'),('trigger fired','2025-04-24 13:10:57'),('trigger fired','2025-04-24 13:10:57'),('trigger fired','2025-04-24 13:10:57'),('trigger fired','2025-04-24 13:10:57'),('trigger fired','2025-04-24 13:10:57'),('trigger fired','2025-04-24 13:10:57'),('trigger fired','2025-04-24 13:10:57'),('trigger fired','2025-04-24 13:10:57'),('trigger fired','2025-04-24 13:10:57'),('trigger fired','2025-04-24 13:10:57'),('trigger fired','2025-04-24 13:10:57'),('trigger fired','2025-04-24 13:10:57'),('trigger fired','2025-04-24 13:10:57'),('trigger fired','2025-04-24 13:10:57'),('trigger fired','2025-04-24 13:10:57'),('trigger fired','2025-04-24 13:10:57'),('trigger fired','2025-04-24 13:10:57'),('trigger fired','2025-04-24 13:10:57'),('trigger fired','2025-04-24 13:10:57'),('trigger fired','2025-04-24 13:10:57'),('trigger fired','2025-04-24 13:10:57'),('trigger fired','2025-04-24 13:10:57'),('trigger fired','2025-04-24 13:10:57'),('trigger fired','2025-04-24 13:10:57'),('trigger fired','2025-04-24 13:10:57'),('trigger fired','2025-04-24 13:10:57'),('trigger fired','2025-04-24 13:10:57'),('trigger fired','2025-04-24 13:10:57'),('trigger fired','2025-04-24 13:10:57'),('trigger fired','2025-04-24 13:10:57'),('trigger fired','2025-04-24 13:10:57'),('trigger fired','2025-04-24 13:10:57'),('trigger fired','2025-04-24 13:10:57'),('trigger fired','2025-04-24 13:10:57'),('trigger fired','2025-04-24 13:10:57'),('trigger fired','2025-04-24 13:10:57'),('trigger fired','2025-04-24 13:10:57'),('trigger fired','2025-04-24 13:10:57'),('trigger fired','2025-04-24 13:10:57'),('trigger fired','2025-04-24 13:10:57'),('trigger fired','2025-04-24 13:10:57'),('trigger fired','2025-04-24 13:10:57'),('trigger fired','2025-04-24 13:10:57'),('trigger fired','2025-04-24 13:10:57'),('trigger fired','2025-04-24 13:10:57'),('trigger fired','2025-04-24 13:10:57'),('trigger fired','2025-04-24 13:10:57'),('trigger fired','2025-04-24 13:10:57'),('trigger fired','2025-04-24 13:10:57'),('trigger fired','2025-04-24 13:10:57'),('trigger fired','2025-04-24 13:10:57'),('trigger fired','2025-04-24 13:10:57'),('trigger fired','2025-04-24 13:10:57'),('trigger fired','2025-04-24 13:10:57'),('trigger fired','2025-04-24 13:10:57'),('trigger fired','2025-04-24 13:10:57'),('trigger fired','2025-04-24 13:10:57'),('trigger fired','2025-04-24 13:10:57'),('trigger fired','2025-04-24 13:10:57'),('trigger fired','2025-04-24 13:10:57'),('trigger fired','2025-04-24 13:10:57'),('trigger fired','2025-04-24 13:10:57'),('trigger fired','2025-04-24 13:10:57'),('trigger fired','2025-04-24 13:10:57'),('trigger fired','2025-04-24 13:10:57'),('trigger fired','2025-04-24 13:10:57'),('trigger fired','2025-04-24 13:10:57'),('trigger fired','2025-04-24 13:10:57'),('trigger fired','2025-04-24 13:10:57'),('trigger fired','2025-04-24 13:10:57'),('trigger fired','2025-04-24 13:10:57'),('trigger fired','2025-04-24 13:10:57'),('trigger fired','2025-04-24 13:10:57'),('trigger fired','2025-04-24 13:10:57'),('trigger fired','2025-04-24 13:10:57'),('trigger fired','2025-04-24 13:10:57'),('trigger fired','2025-04-24 13:10:57'),('trigger fired','2025-04-24 13:10:57'),('trigger fired','2025-04-24 13:10:57'),('trigger fired','2025-04-24 13:10:57'),('trigger fired','2025-04-24 13:10:57'),('trigger fired','2025-04-24 13:10:57'),('trigger fired','2025-04-24 13:10:57'),('trigger fired','2025-04-24 13:10:57'),('trigger fired','2025-04-24 13:10:57'),('trigger fired','2025-04-24 13:10:57'),('trigger fired','2025-04-24 13:10:57'),('trigger fired','2025-04-24 13:10:57'),('trigger fired','2025-04-24 13:10:57'),('trigger fired','2025-04-24 13:10:57'),('trigger fired','2025-04-24 13:10:57'),('trigger fired','2025-04-24 13:10:57'),('trigger fired','2025-04-24 13:10:57'),('trigger fired','2025-04-24 13:10:57'),('trigger fired','2025-04-24 13:10:57'),('trigger fired','2025-04-24 13:10:57'),('trigger fired','2025-04-24 13:10:57'),('trigger fired','2025-04-24 13:10:57'),('trigger fired','2025-04-24 13:10:57'),('trigger fired','2025-04-24 13:10:57'),('trigger fired','2025-04-24 13:10:57'),('trigger fired','2025-04-24 13:10:57'),('trigger fired','2025-04-24 13:10:57'),('trigger fired','2025-04-24 13:10:57'),('trigger fired','2025-04-24 13:10:57'),('trigger fired','2025-04-24 13:10:57'),('trigger fired','2025-04-24 13:10:57'),('trigger fired','2025-04-24 13:10:57'),('trigger fired','2025-04-24 13:10:57'),('trigger fired','2025-04-24 13:10:57'),('trigger fired','2025-04-24 13:10:57'),('trigger fired','2025-04-24 13:10:57'),('trigger fired','2025-04-24 13:10:57'),('trigger fired','2025-04-24 13:10:57'),('trigger fired','2025-04-24 13:10:57'),('trigger fired','2025-04-24 13:10:57'),('trigger fired','2025-04-24 13:10:57'),('trigger fired','2025-04-24 13:10:57'),('trigger fired','2025-04-24 13:10:57'),('trigger fired','2025-04-24 13:10:57'),('trigger fired','2025-04-24 13:10:57'),('trigger fired','2025-04-24 13:10:57'),('trigger fired','2025-04-24 13:10:57'),('trigger fired','2025-04-24 13:10:57'),('trigger fired','2025-04-24 13:10:57'),('trigger fired','2025-04-24 13:10:57'),('trigger fired','2025-04-24 13:10:57'),('trigger fired','2025-04-24 13:10:57'),('trigger fired','2025-04-24 13:10:57'),('trigger fired','2025-04-24 13:10:57'),('trigger fired','2025-04-24 13:10:57'),('trigger fired','2025-04-24 13:10:57'),('trigger fired','2025-04-24 13:10:57'),('trigger fired','2025-04-24 13:10:57'),('trigger fired','2025-04-24 13:10:57'),('trigger fired','2025-04-24 13:10:57'),('trigger fired','2025-04-24 13:10:57'),('trigger fired','2025-04-24 13:10:57'),('trigger fired','2025-04-24 13:10:57'),('trigger fired','2025-04-24 13:10:57'),('trigger fired','2025-04-24 13:10:57'),('trigger fired','2025-04-24 13:10:57'),('trigger fired','2025-04-24 13:10:57'),('trigger fired','2025-04-24 13:10:57'),('trigger fired','2025-04-24 13:10:57'),('trigger fired','2025-04-24 13:10:57'),('trigger fired','2025-04-24 13:10:57'),('trigger fired','2025-04-24 13:10:57'),('trigger fired','2025-04-24 13:10:57'),('trigger fired','2025-04-24 13:10:57'),('trigger fired','2025-04-24 13:10:57'),('trigger fired','2025-04-24 13:10:57'),('trigger fired','2025-04-24 13:10:57'),('trigger fired','2025-04-24 13:10:57'),('trigger fired','2025-04-24 13:10:57'),('trigger fired','2025-04-24 13:10:57'),('trigger fired','2025-04-24 13:10:57'),('trigger fired','2025-04-24 13:10:57'),('trigger fired','2025-04-24 13:10:57'),('trigger fired','2025-04-24 13:10:57'),('trigger fired','2025-04-24 13:10:57'),('trigger fired','2025-04-24 13:10:57'),('trigger fired','2025-04-24 13:10:57'),('trigger fired','2025-04-24 13:10:57'),('trigger fired','2025-04-24 13:10:57'),('trigger fired','2025-04-24 13:10:57'),('trigger fired','2025-04-24 13:10:57'),('trigger fired','2025-04-24 13:10:57'),('trigger fired','2025-04-24 13:10:57'),('trigger fired','2025-04-24 13:10:57'),('trigger fired','2025-04-24 13:10:57'),('trigger fired','2025-04-24 13:10:57'),('trigger fired','2025-04-24 13:10:57'),('trigger fired','2025-04-24 13:10:57'),('trigger fired','2025-04-24 13:10:57'),('trigger fired','2025-04-24 13:10:57'),('trigger fired','2025-04-24 13:10:57'),('trigger fired','2025-04-24 13:10:57'),('trigger fired','2025-04-24 13:10:57'),('trigger fired','2025-04-24 13:10:57'),('trigger fired','2025-04-24 13:10:57'),('trigger fired','2025-04-24 13:10:57'),('trigger fired','2025-04-24 13:10:57'),('trigger fired','2025-04-24 13:10:57'),('trigger fired','2025-04-24 13:10:57'),('trigger fired','2025-04-24 13:10:57'),('trigger fired','2025-04-24 13:10:57'),('trigger fired','2025-04-24 13:10:57'),('trigger fired','2025-04-24 13:10:57'),('trigger fired','2025-04-24 13:10:57'),('trigger fired','2025-04-24 13:10:57'),('trigger fired','2025-04-24 13:10:57'),('trigger fired','2025-04-24 13:10:57'),('trigger fired','2025-04-24 13:10:57'),('trigger fired','2025-04-24 13:10:57'),('trigger fired','2025-04-24 13:10:57'),('trigger fired','2025-04-24 13:10:57'),('trigger fired','2025-04-24 13:10:57'),('trigger fired','2025-04-24 13:10:57'),('trigger fired','2025-04-24 13:10:57'),('trigger fired','2025-04-24 13:10:57'),('trigger fired','2025-04-24 13:10:57'),('trigger fired','2025-04-24 13:10:57'),('trigger fired','2025-04-24 13:10:57'),('trigger fired','2025-04-24 13:10:57'),('trigger fired','2025-04-24 13:10:57'),('trigger fired','2025-04-24 13:10:57'),('trigger fired','2025-04-24 13:10:57'),('trigger fired','2025-04-24 13:10:57'),('trigger fired','2025-04-24 13:10:57'),('trigger fired','2025-04-24 13:10:57'),('trigger fired','2025-04-24 13:10:57'),('trigger fired','2025-04-24 13:10:57'),('trigger fired','2025-04-24 13:10:57'),('trigger fired','2025-04-24 13:10:57'),('trigger fired','2025-04-24 13:10:57'),('trigger fired','2025-04-24 13:10:57'),('trigger fired','2025-04-24 13:10:57'),('trigger fired','2025-04-24 13:10:57'),('trigger fired','2025-04-24 13:10:57'),('trigger fired','2025-04-24 13:10:57'),('trigger fired','2025-04-24 13:10:57'),('trigger fired','2025-04-24 13:10:57'),('trigger fired','2025-04-24 13:10:57'),('trigger fired','2025-04-24 13:10:57'),('trigger fired','2025-04-24 13:10:57'),('trigger fired','2025-04-24 13:10:57'),('trigger fired','2025-04-24 13:10:57'),('trigger fired','2025-04-24 13:10:57'),('trigger fired','2025-04-24 13:10:57'),('trigger fired','2025-04-24 13:10:57'),('trigger fired','2025-04-24 13:10:57'),('trigger fired','2025-04-24 13:10:57'),('trigger fired','2025-04-24 13:10:57'),('trigger fired','2025-04-24 13:10:57'),('trigger fired','2025-04-24 13:10:57'),('trigger fired','2025-04-24 13:10:57'),('trigger fired','2025-04-24 13:10:57'),('trigger fired','2025-04-24 13:10:57'),('trigger fired','2025-04-24 13:10:57'),('trigger fired','2025-04-24 13:10:57'),('trigger fired','2025-04-24 13:10:57'),('trigger fired','2025-04-24 13:10:57'),('trigger fired','2025-04-24 13:10:57'),('trigger fired','2025-04-24 13:10:57'),('trigger fired','2025-04-24 13:10:57'),('trigger fired','2025-04-24 13:10:57'),('trigger fired','2025-04-24 13:10:57'),('trigger fired','2025-04-24 13:10:57'),('trigger fired','2025-04-24 13:10:57'),('trigger fired','2025-04-24 13:10:57'),('trigger fired','2025-04-24 13:10:57'),('trigger fired','2025-04-24 13:10:57'),('trigger fired','2025-04-24 13:10:57'),('trigger fired','2025-04-24 13:10:57'),('trigger fired','2025-04-24 13:10:57'),('trigger fired','2025-04-24 13:10:57'),('trigger fired','2025-04-24 13:10:57'),('trigger fired','2025-04-24 13:10:57'),('trigger fired','2025-04-24 13:10:57'),('trigger fired','2025-04-24 13:10:57'),('trigger fired','2025-04-24 13:10:57'),('trigger fired','2025-04-24 13:10:57'),('trigger fired','2025-04-24 13:10:57'),('trigger fired','2025-04-24 13:10:57'),('trigger fired','2025-04-24 13:10:57'),('trigger fired','2025-04-24 13:10:57'),('trigger fired','2025-04-24 13:10:57'),('trigger fired','2025-04-24 13:10:57'),('trigger fired','2025-04-24 13:10:57'),('trigger fired','2025-04-24 13:10:57'),('trigger fired','2025-04-24 13:10:57'),('trigger fired','2025-04-24 13:10:57'),('trigger fired','2025-04-24 13:10:57'),('trigger fired','2025-04-24 13:10:57'),('trigger fired','2025-04-24 13:10:57'),('trigger fired','2025-04-24 13:10:57'),('trigger fired','2025-04-24 13:10:57'),('trigger fired','2025-04-24 13:10:57'),('trigger fired','2025-04-24 13:10:57'),('trigger fired','2025-04-24 13:10:57'),('trigger fired','2025-04-24 13:10:57'),('trigger fired','2025-04-24 13:10:57'),('trigger fired','2025-04-24 13:10:57'),('trigger fired','2025-04-24 13:10:57'),('trigger fired','2025-04-24 13:10:57'),('trigger fired','2025-04-24 13:10:57'),('trigger fired','2025-04-24 15:33:06'),('trigger fired','2025-04-24 15:33:06'),('trigger fired','2025-04-24 15:33:06'),('trigger fired','2025-04-24 15:33:06'),('trigger fired','2025-04-24 15:33:06'),('trigger fired','2025-04-24 15:33:06'),('trigger fired','2025-04-24 15:33:06'),('trigger fired','2025-04-24 15:33:06'),('trigger fired','2025-04-24 15:33:06'),('trigger fired','2025-04-24 15:33:06'),('trigger fired','2025-04-24 15:33:06'),('trigger fired','2025-04-24 15:33:06'),('trigger fired','2025-04-24 15:33:06'),('trigger fired','2025-04-24 15:33:06'),('trigger fired','2025-04-24 15:33:06'),('trigger fired','2025-04-24 15:33:06'),('trigger fired','2025-04-24 15:33:06'),('trigger fired','2025-04-24 15:33:06'),('trigger fired','2025-04-24 15:33:06'),('trigger fired','2025-04-24 15:33:06'),('trigger fired','2025-04-24 15:33:06'),('trigger fired','2025-04-24 15:33:06'),('trigger fired','2025-04-24 15:33:06'),('trigger fired','2025-04-24 15:33:06'),('trigger fired','2025-04-24 15:33:06'),('trigger fired','2025-04-24 15:33:06'),('trigger fired','2025-04-24 15:33:06'),('trigger fired','2025-04-24 15:33:06'),('trigger fired','2025-04-24 15:33:06'),('trigger fired','2025-04-24 15:33:06'),('trigger fired','2025-04-24 15:33:06'),('trigger fired','2025-04-24 15:33:06'),('trigger fired','2025-04-24 15:33:06'),('trigger fired','2025-04-24 15:33:06'),('trigger fired','2025-04-24 15:33:06'),('trigger fired','2025-04-24 15:33:06'),('trigger fired','2025-04-24 15:33:06'),('trigger fired','2025-04-24 15:33:06'),('trigger fired','2025-04-24 15:33:06'),('trigger fired','2025-04-24 15:33:06'),('trigger fired','2025-04-24 15:33:06'),('trigger fired','2025-04-24 15:33:06'),('trigger fired','2025-04-24 15:33:06'),('trigger fired','2025-04-24 15:33:06'),('trigger fired','2025-04-24 15:33:06'),('trigger fired','2025-04-24 15:33:06'),('trigger fired','2025-04-24 15:33:06'),('trigger fired','2025-04-24 15:33:06'),('trigger fired','2025-04-24 15:33:06'),('trigger fired','2025-04-24 15:33:06'),('trigger fired','2025-04-24 15:33:06'),('trigger fired','2025-04-24 15:33:06'),('trigger fired','2025-04-24 15:33:06'),('trigger fired','2025-04-24 15:33:06'),('trigger fired','2025-04-24 15:33:06'),('trigger fired','2025-04-24 15:33:06'),('trigger fired','2025-04-24 15:33:06'),('trigger fired','2025-04-24 15:33:06'),('trigger fired','2025-04-24 15:33:06'),('trigger fired','2025-04-24 15:33:06'),('trigger fired','2025-04-24 15:33:06'),('trigger fired','2025-04-24 15:33:06'),('trigger fired','2025-04-24 15:33:06'),('trigger fired','2025-04-24 15:33:06'),('trigger fired','2025-04-24 15:33:06'),('trigger fired','2025-04-24 15:33:06'),('trigger fired','2025-04-24 15:33:06'),('trigger fired','2025-04-24 15:33:06'),('trigger fired','2025-04-24 15:33:06'),('trigger fired','2025-04-24 15:33:06'),('trigger fired','2025-04-24 15:33:06'),('trigger fired','2025-04-24 15:33:06'),('trigger fired','2025-04-24 15:33:06'),('trigger fired','2025-04-24 15:33:06'),('trigger fired','2025-04-24 15:33:06'),('trigger fired','2025-04-24 15:33:06'),('trigger fired','2025-04-24 15:33:06'),('trigger fired','2025-04-24 15:33:06'),('trigger fired','2025-04-24 15:33:06'),('trigger fired','2025-04-24 15:33:06'),('trigger fired','2025-04-24 15:33:06'),('trigger fired','2025-04-24 15:33:06'),('trigger fired','2025-04-24 15:33:06'),('trigger fired','2025-04-24 15:33:06'),('trigger fired','2025-04-24 15:33:06'),('trigger fired','2025-04-24 15:33:06'),('trigger fired','2025-04-24 15:33:06'),('trigger fired','2025-04-24 15:33:06'),('trigger fired','2025-04-24 15:33:06'),('trigger fired','2025-04-24 15:33:06'),('trigger fired','2025-04-24 15:33:06'),('trigger fired','2025-04-24 15:33:06'),('trigger fired','2025-04-24 15:33:06'),('trigger fired','2025-04-24 15:33:06'),('trigger fired','2025-04-24 15:33:06'),('trigger fired','2025-04-24 15:33:06'),('trigger fired','2025-04-24 15:33:06'),('trigger fired','2025-04-24 15:33:06'),('trigger fired','2025-04-24 15:33:06'),('trigger fired','2025-04-24 15:33:06'),('trigger fired','2025-04-24 15:33:06'),('trigger fired','2025-04-24 15:33:06'),('trigger fired','2025-04-24 15:33:06'),('trigger fired','2025-04-24 15:33:06'),('trigger fired','2025-04-24 15:33:06'),('trigger fired','2025-04-24 15:33:06'),('trigger fired','2025-04-24 15:33:06'),('trigger fired','2025-04-24 15:33:06'),('trigger fired','2025-04-24 15:33:06'),('trigger fired','2025-04-24 15:33:06'),('trigger fired','2025-04-24 15:33:06'),('trigger fired','2025-04-24 15:33:06'),('trigger fired','2025-04-24 15:33:06'),('trigger fired','2025-04-24 15:33:06'),('trigger fired','2025-04-24 15:33:06'),('trigger fired','2025-04-24 15:33:06'),('trigger fired','2025-04-24 15:33:06'),('trigger fired','2025-04-24 15:33:06'),('trigger fired','2025-04-24 15:33:06'),('trigger fired','2025-04-24 15:33:06'),('trigger fired','2025-04-24 15:33:06'),('trigger fired','2025-04-24 15:33:06'),('trigger fired','2025-04-24 15:33:06'),('trigger fired','2025-04-24 15:33:06'),('trigger fired','2025-04-24 15:33:06'),('trigger fired','2025-04-24 15:33:06'),('trigger fired','2025-04-24 15:33:06'),('trigger fired','2025-04-24 15:33:06'),('trigger fired','2025-04-24 15:33:06'),('trigger fired','2025-04-24 15:33:06'),('trigger fired','2025-04-24 15:33:06'),('trigger fired','2025-04-24 15:33:06'),('trigger fired','2025-04-24 15:33:06'),('trigger fired','2025-04-24 15:33:06'),('trigger fired','2025-04-24 15:33:06'),('trigger fired','2025-04-24 15:33:06'),('trigger fired','2025-04-24 15:33:06'),('trigger fired','2025-04-24 15:33:06'),('trigger fired','2025-04-24 15:33:06'),('trigger fired','2025-04-24 15:33:06'),('trigger fired','2025-04-24 15:33:06'),('trigger fired','2025-04-24 15:33:06'),('trigger fired','2025-04-24 15:33:06'),('trigger fired','2025-04-24 15:33:06'),('trigger fired','2025-04-24 15:33:06'),('trigger fired','2025-04-24 15:33:06'),('trigger fired','2025-04-24 15:33:07'),('trigger fired','2025-04-24 15:33:07'),('trigger fired','2025-04-24 15:33:07'),('trigger fired','2025-04-24 15:33:07'),('trigger fired','2025-04-24 15:33:07'),('trigger fired','2025-04-24 15:33:07'),('trigger fired','2025-04-24 15:33:07'),('trigger fired','2025-04-24 15:33:07'),('trigger fired','2025-04-24 15:33:07'),('trigger fired','2025-04-24 15:33:07'),('trigger fired','2025-04-24 15:33:07'),('trigger fired','2025-04-24 15:33:07'),('trigger fired','2025-04-24 15:33:07'),('trigger fired','2025-04-24 15:33:07'),('trigger fired','2025-04-24 15:33:07'),('trigger fired','2025-04-24 15:33:07'),('trigger fired','2025-04-24 15:33:07'),('trigger fired','2025-04-24 15:33:07'),('trigger fired','2025-04-24 15:33:07'),('trigger fired','2025-04-24 15:33:07'),('trigger fired','2025-04-24 15:33:07'),('trigger fired','2025-04-24 15:33:07'),('trigger fired','2025-04-24 15:33:07'),('trigger fired','2025-04-24 15:33:07'),('trigger fired','2025-04-24 15:33:07'),('trigger fired','2025-04-24 15:33:07'),('trigger fired','2025-04-24 15:33:07'),('trigger fired','2025-04-24 15:33:07'),('trigger fired','2025-04-24 15:33:07'),('trigger fired','2025-04-24 15:33:07'),('trigger fired','2025-04-24 15:33:07'),('trigger fired','2025-04-24 15:33:07'),('trigger fired','2025-04-24 15:33:07'),('trigger fired','2025-04-24 15:33:07'),('trigger fired','2025-04-24 15:33:07'),('trigger fired','2025-04-24 15:33:07'),('trigger fired','2025-04-24 15:33:07'),('trigger fired','2025-04-24 15:33:07'),('trigger fired','2025-04-24 15:33:07'),('trigger fired','2025-04-24 15:33:07'),('trigger fired','2025-04-24 15:33:07'),('trigger fired','2025-04-24 15:33:07'),('trigger fired','2025-04-24 15:33:07'),('trigger fired','2025-04-24 15:33:07'),('trigger fired','2025-04-24 15:33:07'),('trigger fired','2025-04-24 15:33:07'),('trigger fired','2025-04-24 15:33:07'),('trigger fired','2025-04-24 15:33:07'),('trigger fired','2025-04-24 15:33:07'),('trigger fired','2025-04-24 15:33:07'),('trigger fired','2025-04-24 15:33:07'),('trigger fired','2025-04-24 15:33:07'),('trigger fired','2025-04-24 15:33:07'),('trigger fired','2025-04-24 15:33:07'),('trigger fired','2025-04-24 15:33:07'),('trigger fired','2025-04-24 15:33:07'),('trigger fired','2025-04-24 15:33:07'),('trigger fired','2025-04-24 15:33:07'),('trigger fired','2025-04-24 15:33:07'),('trigger fired','2025-04-24 15:33:07'),('trigger fired','2025-04-24 15:33:07'),('trigger fired','2025-04-24 15:33:07'),('trigger fired','2025-04-24 15:33:07'),('trigger fired','2025-04-24 15:33:07'),('trigger fired','2025-04-24 15:33:07'),('trigger fired','2025-04-24 15:33:07'),('trigger fired','2025-04-24 15:33:07'),('trigger fired','2025-04-24 15:33:07'),('trigger fired','2025-04-24 15:33:07'),('trigger fired','2025-04-24 15:33:07'),('trigger fired','2025-04-24 15:33:07'),('trigger fired','2025-04-24 15:33:07'),('trigger fired','2025-04-24 15:33:07'),('trigger fired','2025-04-24 15:33:07'),('trigger fired','2025-04-24 15:33:07'),('trigger fired','2025-04-24 15:33:07'),('trigger fired','2025-04-24 15:33:07'),('trigger fired','2025-04-24 15:33:07'),('trigger fired','2025-04-24 15:33:07'),('trigger fired','2025-04-24 15:33:07'),('trigger fired','2025-04-24 15:33:07'),('trigger fired','2025-04-24 15:33:07'),('trigger fired','2025-04-24 15:33:07'),('trigger fired','2025-04-24 15:33:07'),('trigger fired','2025-04-24 15:33:07'),('trigger fired','2025-04-24 15:33:07'),('trigger fired','2025-04-24 15:33:07'),('trigger fired','2025-04-24 15:33:07'),('trigger fired','2025-04-24 15:33:07'),('trigger fired','2025-04-24 15:33:07'),('trigger fired','2025-04-24 15:33:07'),('trigger fired','2025-04-24 15:33:07'),('trigger fired','2025-04-24 15:33:07'),('trigger fired','2025-04-24 15:33:07'),('trigger fired','2025-04-24 15:33:07'),('trigger fired','2025-04-24 15:33:07'),('trigger fired','2025-04-24 15:33:07'),('trigger fired','2025-04-24 15:33:07'),('trigger fired','2025-04-24 15:33:07'),('trigger fired','2025-04-24 15:33:07'),('trigger fired','2025-04-24 15:33:07'),('trigger fired','2025-04-24 15:33:07'),('trigger fired','2025-04-24 15:33:07'),('trigger fired','2025-04-24 15:33:07'),('trigger fired','2025-04-24 15:33:07'),('trigger fired','2025-04-24 15:33:07'),('trigger fired','2025-04-24 15:33:07'),('trigger fired','2025-04-24 15:33:07'),('trigger fired','2025-04-24 15:33:07'),('trigger fired','2025-04-24 15:33:07'),('trigger fired','2025-04-24 15:33:07'),('trigger fired','2025-04-24 15:33:07'),('trigger fired','2025-04-24 15:33:07'),('trigger fired','2025-04-24 15:33:07'),('trigger fired','2025-04-24 15:33:07'),('trigger fired','2025-04-24 15:33:07'),('trigger fired','2025-04-24 15:33:07'),('trigger fired','2025-04-24 15:33:07'),('trigger fired','2025-04-24 15:33:07'),('trigger fired','2025-04-24 15:33:07'),('trigger fired','2025-04-24 15:33:07'),('trigger fired','2025-04-24 15:33:07'),('trigger fired','2025-04-24 15:33:07'),('trigger fired','2025-04-24 15:33:07'),('trigger fired','2025-04-24 15:33:07'),('trigger fired','2025-04-24 15:33:07'),('trigger fired','2025-04-24 15:33:07'),('trigger fired','2025-04-24 15:33:07'),('trigger fired','2025-04-24 15:33:07'),('trigger fired','2025-04-24 15:33:07'),('trigger fired','2025-04-24 15:33:07'),('trigger fired','2025-04-24 15:33:07'),('trigger fired','2025-04-24 15:33:07'),('trigger fired','2025-04-24 15:33:07'),('trigger fired','2025-04-24 15:33:07'),('trigger fired','2025-04-24 15:33:07'),('trigger fired','2025-04-24 15:33:07'),('trigger fired','2025-04-24 15:33:07'),('trigger fired','2025-04-24 15:33:07'),('trigger fired','2025-04-24 15:33:07'),('trigger fired','2025-04-24 15:33:07'),('trigger fired','2025-04-24 15:33:07'),('trigger fired','2025-04-24 15:33:07'),('trigger fired','2025-04-24 15:33:07'),('trigger fired','2025-04-24 15:33:07'),('trigger fired','2025-04-24 15:33:07'),('trigger fired','2025-04-24 15:33:07'),('trigger fired','2025-04-24 15:33:07'),('trigger fired','2025-04-24 15:33:07'),('trigger fired','2025-04-24 15:33:07'),('trigger fired','2025-04-24 15:33:07'),('trigger fired','2025-04-24 15:33:07'),('trigger fired','2025-04-24 15:33:07'),('trigger fired','2025-04-24 15:33:07'),('trigger fired','2025-04-24 15:33:07'),('trigger fired','2025-04-24 15:33:07'),('trigger fired','2025-04-24 15:33:07'),('trigger fired','2025-04-24 15:33:07'),('trigger fired','2025-04-24 15:33:07'),('trigger fired','2025-04-24 15:33:07'),('trigger fired','2025-04-24 15:33:07'),('trigger fired','2025-04-24 15:33:07'),('trigger fired','2025-04-24 15:33:07'),('trigger fired','2025-04-24 15:33:07'),('trigger fired','2025-04-24 15:33:07'),('trigger fired','2025-04-24 15:33:07'),('trigger fired','2025-04-24 15:33:07'),('trigger fired','2025-04-24 15:33:07'),('trigger fired','2025-04-24 15:33:07'),('trigger fired','2025-04-24 15:33:07'),('trigger fired','2025-04-24 15:33:07'),('trigger fired','2025-04-24 15:33:07'),('trigger fired','2025-04-24 15:33:07'),('trigger fired','2025-04-24 15:33:07'),('trigger fired','2025-04-24 15:33:07'),('trigger fired','2025-04-24 15:33:07'),('trigger fired','2025-04-24 15:33:07'),('trigger fired','2025-04-24 15:33:07'),('trigger fired','2025-04-24 15:33:07'),('trigger fired','2025-04-24 15:33:07'),('trigger fired','2025-04-24 15:33:07'),('trigger fired','2025-04-24 15:33:07'),('trigger fired','2025-04-24 15:33:07'),('trigger fired','2025-04-24 15:33:07'),('trigger fired','2025-04-24 15:33:07'),('trigger fired','2025-04-24 15:33:07'),('trigger fired','2025-04-24 15:33:07'),('trigger fired','2025-04-24 15:33:07'),('trigger fired','2025-04-24 15:33:07'),('trigger fired','2025-04-24 15:33:07'),('trigger fired','2025-04-24 15:33:07'),('trigger fired','2025-04-24 15:33:07'),('trigger fired','2025-04-24 15:33:07'),('trigger fired','2025-04-24 15:33:07'),('trigger fired','2025-04-24 15:33:07'),('trigger fired','2025-04-24 15:33:07'),('trigger fired','2025-04-24 15:33:07'),('trigger fired','2025-04-24 15:33:07'),('trigger fired','2025-04-24 15:33:07'),('trigger fired','2025-04-24 15:33:07'),('trigger fired','2025-04-24 15:33:07'),('trigger fired','2025-04-24 15:33:07'),('trigger fired','2025-04-24 15:33:07'),('trigger fired','2025-04-24 15:33:07'),('trigger fired','2025-04-24 15:33:07'),('trigger fired','2025-04-24 15:33:07'),('trigger fired','2025-04-24 15:33:07'),('trigger fired','2025-04-24 15:33:07'),('trigger fired','2025-04-24 15:33:07'),('trigger fired','2025-04-24 15:33:07'),('trigger fired','2025-04-24 15:33:07'),('trigger fired','2025-04-24 15:33:07'),('trigger fired','2025-04-24 15:33:07'),('trigger fired','2025-04-24 15:33:07'),('trigger fired','2025-04-24 15:33:07'),('trigger fired','2025-04-24 15:33:07'),('trigger fired','2025-04-24 15:33:07'),('trigger fired','2025-04-24 15:33:07'),('trigger fired','2025-04-24 15:33:07'),('trigger fired','2025-04-26 16:07:37'),('trigger fired','2025-04-26 16:07:37'),('trigger fired','2025-04-26 16:07:37'),('trigger fired','2025-04-26 16:07:37'),('trigger fired','2025-04-26 16:07:37'),('trigger fired','2025-04-26 16:07:37'),('trigger fired','2025-04-26 16:07:37'),('trigger fired','2025-04-26 16:07:37'),('trigger fired','2025-04-26 16:07:37'),('trigger fired','2025-04-26 16:07:37'),('trigger fired','2025-04-26 16:07:37'),('trigger fired','2025-04-26 16:07:37'),('trigger fired','2025-04-26 16:07:37'),('trigger fired','2025-04-26 16:07:37'),('trigger fired','2025-04-26 16:07:37'),('trigger fired','2025-04-26 16:07:37'),('trigger fired','2025-04-26 16:07:37'),('trigger fired','2025-04-26 16:07:37'),('trigger fired','2025-04-26 16:07:37'),('trigger fired','2025-04-26 16:07:37'),('trigger fired','2025-04-26 16:07:37'),('trigger fired','2025-04-26 16:07:37'),('trigger fired','2025-04-26 16:07:37'),('trigger fired','2025-04-26 16:07:37'),('trigger fired','2025-04-26 16:07:37'),('trigger fired','2025-04-26 16:07:37'),('trigger fired','2025-04-26 16:07:37'),('trigger fired','2025-04-26 16:07:37'),('trigger fired','2025-04-26 16:07:37'),('trigger fired','2025-04-26 16:07:37'),('trigger fired','2025-04-26 16:07:37'),('trigger fired','2025-04-26 16:07:37'),('trigger fired','2025-04-26 16:07:37'),('trigger fired','2025-04-26 16:07:37'),('trigger fired','2025-04-26 16:07:37'),('trigger fired','2025-04-26 16:07:37'),('trigger fired','2025-04-26 16:07:37'),('trigger fired','2025-04-26 16:07:37'),('trigger fired','2025-04-26 16:07:37'),('trigger fired','2025-04-26 16:07:37'),('trigger fired','2025-04-26 16:07:37'),('trigger fired','2025-04-26 16:07:37'),('trigger fired','2025-04-26 16:07:37'),('trigger fired','2025-04-26 16:07:37'),('trigger fired','2025-04-26 16:07:37'),('trigger fired','2025-04-26 16:07:37'),('trigger fired','2025-04-26 16:07:37'),('trigger fired','2025-04-26 16:07:37'),('trigger fired','2025-04-26 16:07:37'),('trigger fired','2025-04-26 16:07:37'),('trigger fired','2025-04-26 16:07:37'),('trigger fired','2025-04-26 16:07:37'),('trigger fired','2025-04-26 16:07:37'),('trigger fired','2025-04-26 16:07:37'),('trigger fired','2025-04-26 16:07:37'),('trigger fired','2025-04-26 16:07:37'),('trigger fired','2025-04-26 16:07:37'),('trigger fired','2025-04-26 16:07:37'),('trigger fired','2025-04-26 16:07:37'),('trigger fired','2025-04-26 16:07:37'),('trigger fired','2025-04-26 16:07:37'),('trigger fired','2025-04-26 16:07:37'),('trigger fired','2025-04-26 16:07:37'),('trigger fired','2025-04-26 16:07:37'),('trigger fired','2025-04-26 16:07:37'),('trigger fired','2025-04-26 16:07:37'),('trigger fired','2025-04-26 16:07:37'),('trigger fired','2025-04-26 16:07:37'),('trigger fired','2025-04-26 16:07:37'),('trigger fired','2025-04-26 16:07:37'),('trigger fired','2025-04-26 16:07:37'),('trigger fired','2025-04-26 16:07:37'),('trigger fired','2025-04-26 16:07:37'),('trigger fired','2025-04-26 16:07:38'),('trigger fired','2025-04-26 16:07:38'),('trigger fired','2025-04-26 16:07:38'),('trigger fired','2025-04-26 16:07:38'),('trigger fired','2025-04-26 16:07:38'),('trigger fired','2025-04-26 16:07:38'),('trigger fired','2025-04-26 16:07:38'),('trigger fired','2025-04-26 16:07:38'),('trigger fired','2025-04-26 16:07:38'),('trigger fired','2025-04-26 16:07:38'),('trigger fired','2025-04-26 16:07:38'),('trigger fired','2025-04-26 16:07:38'),('trigger fired','2025-04-26 16:07:38'),('trigger fired','2025-04-26 16:07:38'),('trigger fired','2025-04-26 16:07:38'),('trigger fired','2025-04-26 16:07:38'),('trigger fired','2025-04-26 16:07:38'),('trigger fired','2025-04-26 16:07:38'),('trigger fired','2025-04-26 16:07:38'),('trigger fired','2025-04-26 16:07:38'),('trigger fired','2025-04-26 16:07:38'),('trigger fired','2025-04-26 16:07:38'),('trigger fired','2025-04-26 16:07:38'),('trigger fired','2025-04-26 16:07:38'),('trigger fired','2025-04-26 16:07:38'),('trigger fired','2025-04-26 16:07:38'),('trigger fired','2025-04-26 16:07:38'),('trigger fired','2025-04-26 16:07:38'),('trigger fired','2025-04-26 16:07:38'),('trigger fired','2025-04-26 16:07:38'),('trigger fired','2025-04-26 16:07:38'),('trigger fired','2025-04-26 16:07:38'),('trigger fired','2025-04-26 16:07:38'),('trigger fired','2025-04-26 16:07:38'),('trigger fired','2025-04-26 16:07:38'),('trigger fired','2025-04-26 16:07:38'),('trigger fired','2025-04-26 16:07:38'),('trigger fired','2025-04-26 16:07:38'),('trigger fired','2025-04-26 16:07:38'),('trigger fired','2025-04-26 16:07:38'),('trigger fired','2025-04-26 16:07:38'),('trigger fired','2025-04-26 16:07:38'),('trigger fired','2025-04-26 16:07:38'),('trigger fired','2025-04-26 16:07:38'),('trigger fired','2025-04-26 16:07:38'),('trigger fired','2025-04-26 16:07:38'),('trigger fired','2025-04-26 16:07:38'),('trigger fired','2025-04-26 16:07:38'),('trigger fired','2025-04-26 16:07:38'),('trigger fired','2025-04-26 16:07:38'),('trigger fired','2025-04-26 16:07:38'),('trigger fired','2025-04-26 16:07:38'),('trigger fired','2025-04-26 16:07:38'),('trigger fired','2025-04-26 16:07:38'),('trigger fired','2025-04-26 16:07:38'),('trigger fired','2025-04-26 16:07:38'),('trigger fired','2025-04-26 16:07:38'),('trigger fired','2025-04-26 16:07:38'),('trigger fired','2025-04-26 16:07:38'),('trigger fired','2025-04-26 16:07:38'),('trigger fired','2025-04-26 16:07:38'),('trigger fired','2025-04-26 16:07:38'),('trigger fired','2025-04-26 16:07:38'),('trigger fired','2025-04-26 16:07:38'),('trigger fired','2025-04-26 16:07:38'),('trigger fired','2025-04-26 16:07:38'),('trigger fired','2025-04-26 16:07:38'),('trigger fired','2025-04-26 16:07:38'),('trigger fired','2025-04-26 16:07:38'),('trigger fired','2025-04-26 16:07:38'),('trigger fired','2025-04-26 16:07:38'),('trigger fired','2025-04-26 16:07:38'),('trigger fired','2025-04-26 16:07:38'),('trigger fired','2025-04-26 16:07:38'),('trigger fired','2025-04-26 16:07:38'),('trigger fired','2025-04-26 16:07:38'),('trigger fired','2025-04-26 16:07:38'),('trigger fired','2025-04-26 16:07:38'),('trigger fired','2025-04-26 16:07:38'),('trigger fired','2025-04-26 16:07:38'),('trigger fired','2025-04-26 16:07:38'),('trigger fired','2025-04-26 16:07:38'),('trigger fired','2025-04-26 16:07:38'),('trigger fired','2025-04-26 16:07:38'),('trigger fired','2025-04-26 16:07:38'),('trigger fired','2025-04-26 16:07:38'),('trigger fired','2025-04-26 16:07:38'),('trigger fired','2025-04-26 16:07:38'),('trigger fired','2025-04-26 16:07:38'),('trigger fired','2025-04-26 16:07:38'),('trigger fired','2025-04-26 16:07:38'),('trigger fired','2025-04-26 16:07:38'),('trigger fired','2025-04-26 16:07:38'),('trigger fired','2025-04-26 16:07:38'),('trigger fired','2025-04-26 16:07:38'),('trigger fired','2025-04-26 16:07:38'),('trigger fired','2025-04-26 16:07:38'),('trigger fired','2025-04-26 16:07:38'),('trigger fired','2025-04-26 16:07:38'),('trigger fired','2025-04-26 16:07:38'),('trigger fired','2025-04-26 16:07:38'),('trigger fired','2025-04-26 16:07:38'),('trigger fired','2025-04-26 16:07:38'),('trigger fired','2025-04-26 16:07:38'),('trigger fired','2025-04-26 16:07:38'),('trigger fired','2025-04-26 16:07:38'),('trigger fired','2025-04-26 16:07:38'),('trigger fired','2025-04-26 16:07:38'),('trigger fired','2025-04-26 16:07:38'),('trigger fired','2025-04-26 16:07:38'),('trigger fired','2025-04-26 16:07:38'),('trigger fired','2025-04-26 16:07:38'),('trigger fired','2025-04-26 16:07:38'),('trigger fired','2025-04-26 16:07:38'),('trigger fired','2025-04-26 16:07:38'),('trigger fired','2025-04-26 16:07:38'),('trigger fired','2025-04-26 16:07:38'),('trigger fired','2025-04-26 16:07:38'),('trigger fired','2025-04-26 16:07:38'),('trigger fired','2025-04-26 16:07:38'),('trigger fired','2025-04-26 16:07:38'),('trigger fired','2025-04-26 16:07:38'),('trigger fired','2025-04-26 16:07:38'),('trigger fired','2025-04-26 16:07:38'),('trigger fired','2025-04-26 16:07:38'),('trigger fired','2025-04-26 16:07:38'),('trigger fired','2025-04-26 16:07:38'),('trigger fired','2025-04-26 16:07:38'),('trigger fired','2025-04-26 16:07:38'),('trigger fired','2025-04-26 16:07:38'),('trigger fired','2025-04-26 16:07:38'),('trigger fired','2025-04-26 16:07:38'),('trigger fired','2025-04-26 16:07:38'),('trigger fired','2025-04-26 16:07:38'),('trigger fired','2025-04-26 16:07:38'),('trigger fired','2025-04-26 16:07:38'),('trigger fired','2025-04-26 16:07:38'),('trigger fired','2025-04-26 16:07:38'),('trigger fired','2025-04-26 16:07:38'),('trigger fired','2025-04-26 16:07:38'),('trigger fired','2025-04-26 16:07:38'),('trigger fired','2025-04-26 16:07:38'),('trigger fired','2025-04-26 16:07:38'),('trigger fired','2025-04-26 16:07:38'),('trigger fired','2025-04-26 16:07:38'),('trigger fired','2025-04-26 16:07:38'),('trigger fired','2025-04-26 16:07:38'),('trigger fired','2025-04-26 16:07:38'),('trigger fired','2025-04-26 16:07:38'),('trigger fired','2025-04-26 16:07:38'),('trigger fired','2025-04-26 16:07:38'),('trigger fired','2025-04-26 16:07:38'),('trigger fired','2025-04-26 16:07:38'),('trigger fired','2025-04-26 16:07:38'),('trigger fired','2025-04-26 16:07:38'),('trigger fired','2025-04-26 16:07:38'),('trigger fired','2025-04-26 16:07:38'),('trigger fired','2025-04-26 16:07:38'),('trigger fired','2025-04-26 16:07:38'),('trigger fired','2025-04-26 16:07:38'),('trigger fired','2025-04-26 16:07:38'),('trigger fired','2025-04-26 16:07:38'),('trigger fired','2025-04-26 16:07:38'),('trigger fired','2025-04-26 16:07:38'),('trigger fired','2025-04-26 16:07:38'),('trigger fired','2025-04-26 16:07:38'),('trigger fired','2025-04-26 16:07:38'),('trigger fired','2025-04-26 16:07:38'),('trigger fired','2025-04-26 16:07:38'),('trigger fired','2025-04-26 16:07:38'),('trigger fired','2025-04-26 16:07:38'),('trigger fired','2025-04-26 16:07:38'),('trigger fired','2025-04-26 16:07:38'),('trigger fired','2025-04-26 16:07:38'),('trigger fired','2025-04-26 16:07:38'),('trigger fired','2025-04-26 16:07:38'),('trigger fired','2025-04-26 16:07:38'),('trigger fired','2025-04-26 16:07:38'),('trigger fired','2025-04-26 16:07:38'),('trigger fired','2025-04-26 16:07:38'),('trigger fired','2025-04-26 16:07:38'),('trigger fired','2025-04-26 16:07:38'),('trigger fired','2025-04-26 16:07:38'),('trigger fired','2025-04-26 16:07:38'),('trigger fired','2025-04-26 16:07:38'),('trigger fired','2025-04-26 16:07:38'),('trigger fired','2025-04-26 16:07:38'),('trigger fired','2025-04-26 16:07:38'),('trigger fired','2025-04-26 16:07:38'),('trigger fired','2025-04-26 16:07:38'),('trigger fired','2025-04-26 16:07:38'),('trigger fired','2025-04-26 16:07:38'),('trigger fired','2025-04-26 16:07:38'),('trigger fired','2025-04-26 16:07:38'),('trigger fired','2025-04-26 16:07:38'),('trigger fired','2025-04-26 16:07:38'),('trigger fired','2025-04-26 16:07:38'),('trigger fired','2025-04-26 16:07:38'),('trigger fired','2025-04-26 16:07:38'),('trigger fired','2025-04-26 16:07:38'),('trigger fired','2025-04-26 16:07:38'),('trigger fired','2025-04-26 16:07:38'),('trigger fired','2025-04-26 16:07:38'),('trigger fired','2025-04-26 16:07:38'),('trigger fired','2025-04-26 16:07:38'),('trigger fired','2025-04-26 16:07:38'),('trigger fired','2025-04-26 16:07:38'),('trigger fired','2025-04-26 16:07:38'),('trigger fired','2025-04-26 16:07:38'),('trigger fired','2025-04-26 16:07:38'),('trigger fired','2025-04-26 16:07:38'),('trigger fired','2025-04-26 16:07:38'),('trigger fired','2025-04-26 16:07:38'),('trigger fired','2025-04-26 16:07:38'),('trigger fired','2025-04-26 16:07:38'),('trigger fired','2025-04-26 16:07:38'),('trigger fired','2025-04-26 16:07:38'),('trigger fired','2025-04-26 16:07:38'),('trigger fired','2025-04-26 16:07:38'),('trigger fired','2025-04-26 16:07:38'),('trigger fired','2025-04-26 16:07:38'),('trigger fired','2025-04-26 16:07:38'),('trigger fired','2025-04-26 16:07:38'),('trigger fired','2025-04-26 16:07:38'),('trigger fired','2025-04-26 16:07:38'),('trigger fired','2025-04-26 16:07:38'),('trigger fired','2025-04-26 16:07:38'),('trigger fired','2025-04-26 16:07:38'),('trigger fired','2025-04-26 16:07:38'),('trigger fired','2025-04-26 16:07:38'),('trigger fired','2025-04-26 16:07:38'),('trigger fired','2025-04-26 16:07:38'),('trigger fired','2025-04-26 16:07:38'),('trigger fired','2025-04-26 16:07:38'),('trigger fired','2025-04-26 16:07:38'),('trigger fired','2025-04-26 16:07:38'),('trigger fired','2025-04-26 16:07:38'),('trigger fired','2025-04-26 16:07:38'),('trigger fired','2025-04-26 16:07:38'),('trigger fired','2025-04-26 16:07:38'),('trigger fired','2025-04-26 16:07:38'),('trigger fired','2025-04-26 16:07:38'),('trigger fired','2025-04-26 16:07:38'),('trigger fired','2025-04-26 16:07:38'),('trigger fired','2025-04-26 16:07:38'),('trigger fired','2025-04-26 16:07:38'),('trigger fired','2025-04-26 16:07:38'),('trigger fired','2025-04-26 16:07:38'),('trigger fired','2025-04-26 16:07:38'),('trigger fired','2025-04-26 16:07:38'),('trigger fired','2025-04-26 16:07:38'),('trigger fired','2025-04-26 16:07:38'),('trigger fired','2025-04-26 16:07:38'),('trigger fired','2025-04-26 16:07:38'),('trigger fired','2025-04-26 16:07:38'),('trigger fired','2025-04-26 16:07:38'),('trigger fired','2025-04-26 16:07:38'),('trigger fired','2025-04-26 16:07:38'),('trigger fired','2025-04-26 16:07:38'),('trigger fired','2025-04-26 16:07:38'),('trigger fired','2025-04-26 16:07:38'),('trigger fired','2025-04-26 16:07:38'),('trigger fired','2025-04-26 16:07:38'),('trigger fired','2025-04-26 16:07:38'),('trigger fired','2025-04-26 16:07:38'),('trigger fired','2025-04-26 16:07:38'),('trigger fired','2025-04-26 16:07:38'),('trigger fired','2025-04-26 16:07:38'),('trigger fired','2025-04-26 16:07:38'),('trigger fired','2025-04-26 16:07:38'),('trigger fired','2025-04-26 16:07:38'),('trigger fired','2025-04-26 16:07:38'),('trigger fired','2025-04-26 16:07:38'),('trigger fired','2025-04-26 16:07:38'),('trigger fired','2025-04-26 16:07:38'),('trigger fired','2025-04-26 16:07:38'),('trigger fired','2025-04-26 16:07:38'),('trigger fired','2025-04-26 16:07:38'),('trigger fired','2025-04-26 16:07:38'),('trigger fired','2025-04-26 16:07:38'),('trigger fired','2025-04-26 16:07:38'),('trigger fired','2025-04-26 16:07:38'),('trigger fired','2025-04-26 16:07:38'),('trigger fired','2025-04-26 16:07:38'),('trigger fired','2025-04-26 16:07:38'),('trigger fired','2025-04-26 16:07:38'),('trigger fired','2025-04-26 16:07:38'),('trigger fired','2025-04-26 16:07:38'),('trigger fired','2025-04-26 16:07:38'),('trigger fired','2025-04-26 16:07:38'),('trigger fired','2025-04-26 16:07:38'),('trigger fired','2025-04-26 16:07:38'),('trigger fired','2025-04-26 16:07:38'),('trigger fired','2025-04-26 16:07:40'),('trigger fired','2025-04-26 16:07:40'),('trigger fired','2025-04-26 16:07:40'),('trigger fired','2025-04-26 16:07:40'),('trigger fired','2025-04-26 16:07:40'),('trigger fired','2025-04-26 16:07:40'),('trigger fired','2025-04-26 16:07:40'),('trigger fired','2025-04-26 16:07:40'),('trigger fired','2025-04-26 16:07:40'),('trigger fired','2025-04-26 16:07:40'),('trigger fired','2025-04-26 16:07:40'),('trigger fired','2025-04-26 16:07:40'),('trigger fired','2025-04-26 16:07:40'),('trigger fired','2025-04-26 16:07:40'),('trigger fired','2025-04-26 16:07:40'),('trigger fired','2025-04-26 16:07:40'),('trigger fired','2025-04-26 16:07:40'),('trigger fired','2025-04-26 16:07:40'),('trigger fired','2025-04-26 16:07:40'),('trigger fired','2025-04-26 16:07:40'),('trigger fired','2025-04-26 16:07:40'),('trigger fired','2025-04-26 16:07:40'),('trigger fired','2025-04-26 16:07:40'),('trigger fired','2025-04-26 16:07:40'),('trigger fired','2025-04-26 16:07:40'),('trigger fired','2025-04-26 16:07:40'),('trigger fired','2025-04-26 16:07:40'),('trigger fired','2025-04-26 16:07:40'),('trigger fired','2025-04-26 16:07:40'),('trigger fired','2025-04-26 16:07:40'),('trigger fired','2025-04-26 16:07:40'),('trigger fired','2025-04-26 16:07:40'),('trigger fired','2025-04-26 16:07:40'),('trigger fired','2025-04-26 16:07:40'),('trigger fired','2025-04-26 16:07:40'),('trigger fired','2025-04-26 16:07:40'),('trigger fired','2025-04-26 16:07:40'),('trigger fired','2025-04-26 16:07:40'),('trigger fired','2025-04-26 16:07:40'),('trigger fired','2025-04-26 16:07:40'),('trigger fired','2025-04-26 16:07:40'),('trigger fired','2025-04-26 16:07:40'),('trigger fired','2025-04-26 16:07:40'),('trigger fired','2025-04-26 16:07:40'),('trigger fired','2025-04-26 16:07:40'),('trigger fired','2025-04-26 16:07:40'),('trigger fired','2025-04-26 16:07:40'),('trigger fired','2025-04-26 16:07:40'),('trigger fired','2025-04-26 16:07:40'),('trigger fired','2025-04-26 16:07:40'),('trigger fired','2025-04-26 16:07:40'),('trigger fired','2025-04-26 16:07:40'),('trigger fired','2025-04-26 16:07:40'),('trigger fired','2025-04-26 16:07:40'),('trigger fired','2025-04-26 16:07:40'),('trigger fired','2025-04-26 16:07:40'),('trigger fired','2025-04-26 16:07:40'),('trigger fired','2025-04-26 16:07:40'),('trigger fired','2025-04-26 16:07:40'),('trigger fired','2025-04-26 16:07:40'),('trigger fired','2025-04-26 16:07:40'),('trigger fired','2025-04-26 16:07:40'),('trigger fired','2025-04-26 16:07:40'),('trigger fired','2025-04-26 16:07:40'),('trigger fired','2025-04-26 16:07:40'),('trigger fired','2025-04-26 16:07:40'),('trigger fired','2025-04-26 16:07:40'),('trigger fired','2025-04-26 16:07:40'),('trigger fired','2025-04-26 16:07:40'),('trigger fired','2025-04-26 16:07:40'),('trigger fired','2025-04-26 16:07:40'),('trigger fired','2025-04-26 16:07:40'),('trigger fired','2025-04-26 16:07:40'),('trigger fired','2025-04-26 16:07:40'),('trigger fired','2025-04-26 16:07:40'),('trigger fired','2025-04-26 16:07:40'),('trigger fired','2025-04-26 16:07:40'),('trigger fired','2025-04-26 16:07:40'),('trigger fired','2025-04-26 16:07:40'),('trigger fired','2025-04-26 16:07:40'),('trigger fired','2025-04-26 16:07:40'),('trigger fired','2025-04-26 16:07:40'),('trigger fired','2025-04-26 16:07:40'),('trigger fired','2025-04-26 16:07:40'),('trigger fired','2025-04-26 16:07:40'),('trigger fired','2025-04-26 16:07:40'),('trigger fired','2025-04-26 16:07:40'),('trigger fired','2025-04-26 16:07:40'),('trigger fired','2025-04-26 16:07:40'),('trigger fired','2025-04-26 16:07:40'),('trigger fired','2025-04-26 16:07:40'),('trigger fired','2025-04-26 16:07:40'),('trigger fired','2025-04-26 16:07:40'),('trigger fired','2025-04-26 16:07:40'),('trigger fired','2025-04-26 16:07:40'),('trigger fired','2025-04-26 16:07:40'),('trigger fired','2025-04-26 16:07:40'),('trigger fired','2025-04-26 16:07:40'),('trigger fired','2025-04-26 16:07:40'),('trigger fired','2025-04-26 16:07:40'),('trigger fired','2025-04-26 16:07:40'),('trigger fired','2025-04-26 16:07:40'),('trigger fired','2025-04-26 16:07:40'),('trigger fired','2025-04-26 16:07:40'),('trigger fired','2025-04-26 16:07:40'),('trigger fired','2025-04-26 16:07:40'),('trigger fired','2025-04-26 16:07:40'),('trigger fired','2025-04-26 16:07:40'),('trigger fired','2025-04-26 16:07:40'),('trigger fired','2025-04-26 16:07:40'),('trigger fired','2025-04-26 16:07:40'),('trigger fired','2025-04-26 16:07:40'),('trigger fired','2025-04-26 16:07:40'),('trigger fired','2025-04-26 16:07:40'),('trigger fired','2025-04-26 16:07:40'),('trigger fired','2025-04-26 16:07:40'),('trigger fired','2025-04-26 16:07:40'),('trigger fired','2025-04-26 16:07:40'),('trigger fired','2025-04-26 16:07:40'),('trigger fired','2025-04-26 16:07:40'),('trigger fired','2025-04-26 16:07:40'),('trigger fired','2025-04-26 16:07:40'),('trigger fired','2025-04-26 16:07:40'),('trigger fired','2025-04-26 16:07:40'),('trigger fired','2025-04-26 16:07:40'),('trigger fired','2025-04-26 16:07:40'),('trigger fired','2025-04-26 16:07:40'),('trigger fired','2025-04-26 16:07:40'),('trigger fired','2025-04-26 16:07:40'),('trigger fired','2025-04-26 16:07:40'),('trigger fired','2025-04-26 16:07:40'),('trigger fired','2025-04-26 16:07:40'),('trigger fired','2025-04-26 16:07:40'),('trigger fired','2025-04-26 16:07:40'),('trigger fired','2025-04-26 16:07:40'),('trigger fired','2025-04-26 16:07:40'),('trigger fired','2025-04-26 16:07:40'),('trigger fired','2025-04-26 16:07:40'),('trigger fired','2025-04-26 16:07:40'),('trigger fired','2025-04-26 16:07:40'),('trigger fired','2025-04-26 16:07:40'),('trigger fired','2025-04-26 16:07:40'),('trigger fired','2025-04-26 16:07:40'),('trigger fired','2025-04-26 16:07:40'),('trigger fired','2025-04-26 16:07:40'),('trigger fired','2025-04-26 16:07:40'),('trigger fired','2025-04-26 16:07:40'),('trigger fired','2025-04-26 16:07:40'),('trigger fired','2025-04-26 16:07:40'),('trigger fired','2025-04-26 16:07:40'),('trigger fired','2025-04-26 16:07:40'),('trigger fired','2025-04-26 16:07:40'),('trigger fired','2025-04-26 16:07:40'),('trigger fired','2025-04-26 16:07:40'),('trigger fired','2025-04-26 16:07:40'),('trigger fired','2025-04-26 16:07:40'),('trigger fired','2025-04-26 16:07:40'),('trigger fired','2025-04-26 16:07:40'),('trigger fired','2025-04-26 16:07:40'),('trigger fired','2025-04-26 16:07:40'),('trigger fired','2025-04-26 16:07:40'),('trigger fired','2025-04-26 16:07:40'),('trigger fired','2025-04-26 16:07:40'),('trigger fired','2025-04-26 16:07:40'),('trigger fired','2025-04-26 16:07:40'),('trigger fired','2025-04-26 16:07:40'),('trigger fired','2025-04-26 16:07:40'),('trigger fired','2025-04-26 16:07:40'),('trigger fired','2025-04-26 16:07:40'),('trigger fired','2025-04-26 16:07:40'),('trigger fired','2025-04-26 16:07:40'),('trigger fired','2025-04-26 16:07:40'),('trigger fired','2025-04-26 16:07:40'),('trigger fired','2025-04-26 16:07:40'),('trigger fired','2025-04-26 16:07:40'),('trigger fired','2025-04-26 16:07:40'),('trigger fired','2025-04-26 16:07:40'),('trigger fired','2025-04-26 16:07:40'),('trigger fired','2025-04-26 16:07:40'),('trigger fired','2025-04-26 16:07:40'),('trigger fired','2025-04-26 16:07:40'),('trigger fired','2025-04-26 16:07:40'),('trigger fired','2025-04-26 16:07:40'),('trigger fired','2025-04-26 16:07:40'),('trigger fired','2025-04-26 16:07:40'),('trigger fired','2025-04-26 16:07:40'),('trigger fired','2025-04-26 16:07:40'),('trigger fired','2025-04-26 16:07:40'),('trigger fired','2025-04-26 16:07:40'),('trigger fired','2025-04-26 16:07:40'),('trigger fired','2025-04-26 16:07:40'),('trigger fired','2025-04-26 16:07:40'),('trigger fired','2025-04-26 16:07:40'),('trigger fired','2025-04-26 16:07:40'),('trigger fired','2025-04-26 16:07:40'),('trigger fired','2025-04-26 16:07:40'),('trigger fired','2025-04-26 16:07:40'),('trigger fired','2025-04-26 16:07:40'),('trigger fired','2025-04-26 16:07:40'),('trigger fired','2025-04-26 16:07:40'),('trigger fired','2025-04-26 16:07:40'),('trigger fired','2025-04-26 16:07:40'),('trigger fired','2025-04-26 16:07:40'),('trigger fired','2025-04-26 16:07:40'),('trigger fired','2025-04-26 16:07:40'),('trigger fired','2025-04-26 16:07:40'),('trigger fired','2025-04-26 16:07:40'),('trigger fired','2025-04-26 16:07:40'),('trigger fired','2025-04-26 16:07:40'),('trigger fired','2025-04-26 16:07:40'),('trigger fired','2025-04-26 16:07:40'),('trigger fired','2025-04-26 16:07:40'),('trigger fired','2025-04-26 16:07:40'),('trigger fired','2025-04-26 16:07:40'),('trigger fired','2025-04-26 16:07:40'),('trigger fired','2025-04-26 16:07:40'),('trigger fired','2025-04-26 16:07:40'),('trigger fired','2025-04-26 16:07:40'),('trigger fired','2025-04-26 16:07:40'),('trigger fired','2025-04-26 16:07:40'),('trigger fired','2025-04-26 16:07:40'),('trigger fired','2025-04-26 16:07:40'),('trigger fired','2025-04-26 16:07:40'),('trigger fired','2025-04-26 16:07:40'),('trigger fired','2025-04-26 16:07:40'),('trigger fired','2025-04-26 16:07:40'),('trigger fired','2025-04-26 16:07:40'),('trigger fired','2025-04-26 16:07:40'),('trigger fired','2025-04-26 16:07:40'),('trigger fired','2025-04-26 16:07:40'),('trigger fired','2025-04-26 16:07:40'),('trigger fired','2025-04-26 16:07:40'),('trigger fired','2025-04-26 16:07:40'),('trigger fired','2025-04-26 16:07:40'),('trigger fired','2025-04-26 16:07:40'),('trigger fired','2025-04-26 16:07:40'),('trigger fired','2025-04-26 16:07:40'),('trigger fired','2025-04-26 16:07:40'),('trigger fired','2025-04-26 16:07:40'),('trigger fired','2025-04-26 16:07:40'),('trigger fired','2025-04-26 16:07:40'),('trigger fired','2025-04-26 16:07:40'),('trigger fired','2025-04-26 16:07:40'),('trigger fired','2025-04-26 16:07:40'),('trigger fired','2025-04-26 16:07:40'),('trigger fired','2025-04-26 16:07:40'),('trigger fired','2025-04-26 16:07:40'),('trigger fired','2025-04-26 16:07:40'),('trigger fired','2025-04-26 16:07:40'),('trigger fired','2025-04-26 16:07:40'),('trigger fired','2025-04-26 16:07:40'),('trigger fired','2025-04-26 16:07:40'),('trigger fired','2025-04-26 16:07:40'),('trigger fired','2025-04-26 16:07:40'),('trigger fired','2025-04-26 16:07:40'),('trigger fired','2025-04-26 16:07:40'),('trigger fired','2025-04-26 16:07:40'),('trigger fired','2025-04-26 16:07:40'),('trigger fired','2025-04-26 16:07:40'),('trigger fired','2025-04-26 16:07:40'),('trigger fired','2025-04-26 16:07:40'),('trigger fired','2025-04-26 16:07:40'),('trigger fired','2025-04-26 16:07:40'),('trigger fired','2025-04-26 16:07:40'),('trigger fired','2025-04-26 16:07:40'),('trigger fired','2025-04-26 16:07:40'),('trigger fired','2025-04-26 16:07:40'),('trigger fired','2025-04-26 16:07:40'),('trigger fired','2025-04-26 16:07:40'),('trigger fired','2025-04-26 16:07:40'),('trigger fired','2025-04-26 16:07:40'),('trigger fired','2025-04-26 16:07:40'),('trigger fired','2025-04-26 16:07:40'),('trigger fired','2025-04-26 16:07:40'),('trigger fired','2025-04-26 16:07:40'),('trigger fired','2025-04-26 16:07:40'),('trigger fired','2025-04-26 16:07:40'),('trigger fired','2025-04-26 16:07:40'),('trigger fired','2025-04-26 16:07:40'),('trigger fired','2025-04-26 16:07:40'),('trigger fired','2025-04-26 16:07:40'),('trigger fired','2025-04-26 16:07:40'),('trigger fired','2025-04-26 16:07:40'),('trigger fired','2025-04-26 16:07:40'),('trigger fired','2025-04-26 16:07:40'),('trigger fired','2025-04-26 16:07:40'),('trigger fired','2025-04-26 16:07:40'),('trigger fired','2025-04-26 16:07:40'),('trigger fired','2025-04-26 16:07:40'),('trigger fired','2025-04-26 16:07:40'),('trigger fired','2025-04-26 16:07:40'),('trigger fired','2025-04-26 16:07:40'),('trigger fired','2025-04-26 16:07:40'),('trigger fired','2025-04-26 16:07:40'),('trigger fired','2025-04-26 16:07:40'),('trigger fired','2025-04-26 16:07:40'),('trigger fired','2025-04-26 16:07:40'),('trigger fired','2025-04-26 16:07:40'),('trigger fired','2025-04-26 16:07:40'),('trigger fired','2025-04-26 16:07:40'),('trigger fired','2025-04-26 16:07:40'),('trigger fired','2025-04-26 16:07:40'),('trigger fired','2025-04-26 16:07:40'),('trigger fired','2025-04-26 16:07:40'),('trigger fired','2025-04-26 16:07:40'),('trigger fired','2025-04-26 16:07:40'),('trigger fired','2025-04-26 16:07:40'),('trigger fired','2025-04-26 16:07:40'),('trigger fired','2025-04-26 16:07:40'),('trigger fired','2025-04-26 16:07:40'),('trigger fired','2025-04-26 16:07:40'),('trigger fired','2025-04-26 16:07:40'),('trigger fired','2025-04-26 16:07:40'),('trigger fired','2025-04-26 16:07:40'),('trigger fired','2025-04-26 16:07:40'),('trigger fired','2025-04-26 16:07:40'),('trigger fired','2025-04-26 16:07:40'),('trigger fired','2025-04-26 16:07:40'),('trigger fired','2025-04-26 16:07:40'),('trigger fired','2025-04-26 16:07:40'),('trigger fired','2025-04-26 16:07:40'),('trigger fired','2025-04-26 16:07:40'),('trigger fired','2025-04-26 16:07:40'),('trigger fired','2025-04-26 16:07:40'),('trigger fired','2025-04-26 16:07:40'),('trigger fired','2025-04-26 16:07:40'),('trigger fired','2025-04-26 16:07:40'),('trigger fired','2025-04-26 16:07:40'),('trigger fired','2025-04-26 16:07:40'),('trigger fired','2025-04-26 16:07:40'),('trigger fired','2025-04-26 16:07:40'),('trigger fired','2025-04-26 16:07:40'),('trigger fired','2025-04-26 16:07:40'),('trigger fired','2025-04-26 16:07:40'),('trigger fired','2025-04-26 16:07:40'),('trigger fired','2025-04-26 16:07:40'),('trigger fired','2025-04-26 16:07:40'),('trigger fired','2025-04-26 16:07:40'),('trigger fired','2025-04-26 16:07:40'),('trigger fired','2025-04-26 16:07:40'),('trigger fired','2025-04-26 16:07:40'),('trigger fired','2025-04-26 16:07:40'),('trigger fired','2025-04-26 16:07:40'),('trigger fired','2025-04-26 16:07:40'),('trigger fired','2025-04-26 16:07:40'),('trigger fired','2025-04-26 16:07:40'),('trigger fired','2025-04-26 16:07:40'),('trigger fired','2025-04-26 16:07:40'),('trigger fired','2025-04-26 16:07:40'),('trigger fired','2025-04-26 16:07:40'),('trigger fired','2025-04-26 16:07:40'),('trigger fired','2025-04-26 16:07:40'),('trigger fired','2025-04-26 16:07:40'),('trigger fired','2025-04-26 16:07:40'),('trigger fired','2025-04-26 16:07:40'),('trigger fired','2025-04-26 16:07:40'),('trigger fired','2025-04-26 16:07:40'),('trigger fired','2025-04-26 16:07:40'),('trigger fired','2025-04-26 16:07:40'),('trigger fired','2025-04-26 16:07:40'),('trigger fired','2025-04-26 16:07:40'),('trigger fired','2025-04-26 16:07:40'),('trigger fired','2025-04-26 16:07:40'),('trigger fired','2025-04-26 16:07:40'),('trigger fired','2025-04-26 16:07:40'),('trigger fired','2025-04-26 16:07:40'),('trigger fired','2025-04-26 16:38:18'),('trigger fired','2025-04-26 16:38:18'),('trigger fired','2025-04-26 16:38:57'),('trigger fired','2025-04-26 16:38:57'),('trigger fired','2025-04-26 17:44:25'),('trigger fired','2025-04-26 17:44:25'),('trigger fired','2025-04-26 17:44:25'),('trigger fired','2025-04-26 17:44:25'),('trigger fired','2025-04-26 17:44:25'),('trigger fired','2025-04-26 17:45:03'),('trigger fired','2025-04-26 17:45:03');
/*!40000 ALTER TABLE `trigger_log` ENABLE KEYS */;
UNLOCK TABLES;

--
-- Temporary view structure for view `view_student_performance_detail`
--

DROP TABLE IF EXISTS `view_student_performance_detail`;
/*!50001 DROP VIEW IF EXISTS `view_student_performance_detail`*/;
SET @saved_cs_client     = @@character_set_client;
/*!50503 SET character_set_client = utf8mb4 */;
/*!50001 CREATE VIEW `view_student_performance_detail` AS SELECT 
 1 AS `student_id`,
 1 AS `student_name`,
 1 AS `course_code`,
 1 AS `course_name`,
 1 AS `course_faculty`,
 1 AS `lab_percentage`,
 1 AS `midterm_percentage`,
 1 AS `total_marks`,
 1 AS `generated_date`*/;
SET character_set_client = @saved_cs_client;

--
-- Temporary view structure for view `view_student_report_summary`
--

DROP TABLE IF EXISTS `view_student_report_summary`;
/*!50001 DROP VIEW IF EXISTS `view_student_report_summary`*/;
SET @saved_cs_client     = @@character_set_client;
/*!50503 SET character_set_client = utf8mb4 */;
/*!50001 CREATE VIEW `view_student_report_summary` AS SELECT 
 1 AS `student_id`,
 1 AS `student_name`,
 1 AS `course_code`,
 1 AS `course_name`,
 1 AS `course_faculty`,
 1 AS `total_marks`,
 1 AS `generated_date`*/;
SET character_set_client = @saved_cs_client;

--
-- Dumping events for database 'lab_internal_marks'
--

--
-- Dumping routines for database 'lab_internal_marks'
--
/*!50003 DROP FUNCTION IF EXISTS `GetLabPercentage` */;
/*!50003 SET @saved_cs_client      = @@character_set_client */ ;
/*!50003 SET @saved_cs_results     = @@character_set_results */ ;
/*!50003 SET @saved_col_connection = @@collation_connection */ ;
/*!50003 SET character_set_client  = utf8mb4 */ ;
/*!50003 SET character_set_results = utf8mb4 */ ;
/*!50003 SET collation_connection  = utf8mb4_0900_ai_ci */ ;
/*!50003 SET @saved_sql_mode       = @@sql_mode */ ;
/*!50003 SET sql_mode              = 'ONLY_FULL_GROUP_BY,STRICT_TRANS_TABLES,NO_ZERO_IN_DATE,NO_ZERO_DATE,ERROR_FOR_DIVISION_BY_ZERO,NO_ENGINE_SUBSTITUTION' */ ;
DELIMITER ;;
CREATE DEFINER=`root`@`localhost` FUNCTION `GetLabPercentage`(stdid INT, cc VARCHAR(10)) RETURNS decimal(5,2)
    DETERMINISTIC
BEGIN
  DECLARE total INT;
  DECLARE max_marks INT;

  SELECT SUM(marks_out_of_25)
  INTO total
  FROM Lab_Observation
  WHERE student_id = stdid AND course_code = cc;

  SELECT COUNT(*) * 25
  INTO max_marks
  FROM Lab_Observation
  WHERE student_id = stdid AND course_code = cc;

  IF max_marks = 0 THEN
    RETURN 0;
  END IF;

  RETURN ROUND((total / max_marks) * 100, 2);
END ;;
DELIMITER ;
/*!50003 SET sql_mode              = @saved_sql_mode */ ;
/*!50003 SET character_set_client  = @saved_cs_client */ ;
/*!50003 SET character_set_results = @saved_cs_results */ ;
/*!50003 SET collation_connection  = @saved_col_connection */ ;
/*!50003 DROP FUNCTION IF EXISTS `getMidtermPercentage` */;
/*!50003 SET @saved_cs_client      = @@character_set_client */ ;
/*!50003 SET @saved_cs_results     = @@character_set_results */ ;
/*!50003 SET @saved_col_connection = @@collation_connection */ ;
/*!50003 SET character_set_client  = utf8mb4 */ ;
/*!50003 SET character_set_results = utf8mb4 */ ;
/*!50003 SET collation_connection  = utf8mb4_0900_ai_ci */ ;
/*!50003 SET @saved_sql_mode       = @@sql_mode */ ;
/*!50003 SET sql_mode              = 'ONLY_FULL_GROUP_BY,STRICT_TRANS_TABLES,NO_ZERO_IN_DATE,NO_ZERO_DATE,ERROR_FOR_DIVISION_BY_ZERO,NO_ENGINE_SUBSTITUTION' */ ;
DELIMITER ;;
CREATE DEFINER=`root`@`localhost` FUNCTION `getMidtermPercentage`(stdid INT, cc VARCHAR(10)) RETURNS decimal(5,2)
    DETERMINISTIC
BEGIN
  DECLARE midterm_mark INT;
  DECLARE percentage DECIMAL(5,2);

  SELECT marks_out_of_25 INTO midterm_mark
  FROM Mid_term_Exam
  WHERE student_id = stdid AND course_code = cc;

  IF midterm_mark IS NULL THEN
    SET percentage = 0;
  ELSE
    SET percentage = ROUND((midterm_mark / 25) * 100, 2);
  END IF;
  INSERT INTO trigger_log (message) VALUES ('trigger fired');

  RETURN percentage;
END ;;
DELIMITER ;
/*!50003 SET sql_mode              = @saved_sql_mode */ ;
/*!50003 SET character_set_client  = @saved_cs_client */ ;
/*!50003 SET character_set_results = @saved_cs_results */ ;
/*!50003 SET collation_connection  = @saved_col_connection */ ;
/*!50003 DROP PROCEDURE IF EXISTS `enrollStudent` */;
/*!50003 SET @saved_cs_client      = @@character_set_client */ ;
/*!50003 SET @saved_cs_results     = @@character_set_results */ ;
/*!50003 SET @saved_col_connection = @@collation_connection */ ;
/*!50003 SET character_set_client  = utf8mb4 */ ;
/*!50003 SET character_set_results = utf8mb4 */ ;
/*!50003 SET collation_connection  = utf8mb4_0900_ai_ci */ ;
/*!50003 SET @saved_sql_mode       = @@sql_mode */ ;
/*!50003 SET sql_mode              = 'ONLY_FULL_GROUP_BY,STRICT_TRANS_TABLES,NO_ZERO_IN_DATE,NO_ZERO_DATE,ERROR_FOR_DIVISION_BY_ZERO,NO_ENGINE_SUBSTITUTION' */ ;
DELIMITER ;;
CREATE DEFINER=`root`@`localhost` PROCEDURE `enrollStudent`(
  IN stdid INT,
  IN cc VARCHAR(10),
  IN fid INT
)
BEGIN
  IF NOT EXISTS (
    SELECT * FROM Enrollment WHERE student_id = stdid AND course_code = cc
  ) THEN
    INSERT INTO Enrollment (student_id, course_code, faculty_id)
    VALUES (stdid, cc, fid);
  END IF;
END ;;
DELIMITER ;
/*!50003 SET sql_mode              = @saved_sql_mode */ ;
/*!50003 SET character_set_client  = @saved_cs_client */ ;
/*!50003 SET character_set_results = @saved_cs_results */ ;
/*!50003 SET collation_connection  = @saved_col_connection */ ;
/*!50003 DROP PROCEDURE IF EXISTS `InsertOrUpdateReport` */;
/*!50003 SET @saved_cs_client      = @@character_set_client */ ;
/*!50003 SET @saved_cs_results     = @@character_set_results */ ;
/*!50003 SET @saved_col_connection = @@collation_connection */ ;
/*!50003 SET character_set_client  = utf8mb4 */ ;
/*!50003 SET character_set_results = utf8mb4 */ ;
/*!50003 SET collation_connection  = utf8mb4_0900_ai_ci */ ;
/*!50003 SET @saved_sql_mode       = @@sql_mode */ ;
/*!50003 SET sql_mode              = 'ONLY_FULL_GROUP_BY,STRICT_TRANS_TABLES,NO_ZERO_IN_DATE,NO_ZERO_DATE,ERROR_FOR_DIVISION_BY_ZERO,NO_ENGINE_SUBSTITUTION' */ ;
DELIMITER ;;
CREATE DEFINER=`root`@`localhost` PROCEDURE `InsertOrUpdateReport`()
BEGIN
  DECLARE done INT DEFAULT FALSE;
  DECLARE sid INT;
  DECLARE cc VARCHAR(10);
  DECLARE midterm_pct DECIMAL(5,2);
  DECLARE lab_pct DECIMAL(5,2);
  DECLARE total DECIMAL(5,2);

  -- Cursor for ALL student-course combinations from enrollment
  DECLARE cur CURSOR FOR
    SELECT student_id, course_code
    FROM enrollment;

  -- Handler must come AFTER all variable and cursor declarations
  DECLARE CONTINUE HANDLER FOR SQLEXCEPTION, NOT FOUND SET done = TRUE;

  OPEN cur;

  read_loop: LOOP
    FETCH cur INTO sid, cc;
    IF done THEN
      LEAVE read_loop;
    END IF;

    BEGIN
      -- Safely get percentages with default values
      SET midterm_pct = IFNULL(getMidtermPercentage(sid, cc), 0);
      SET lab_pct = IFNULL(GetLabPercentage(sid, cc), 0);

      -- Only proceed if at least one component exists
      IF midterm_pct > 0 OR lab_pct > 0 THEN
        -- Compute weighted total marks (adjust weights as needed)
        SET total = ROUND((0.25 * midterm_pct + 0.75 * lab_pct), 2);

        -- Insert or update
        INSERT INTO Report (course_code, student_id, generated_date, total_marks)
        VALUES (cc, sid, CURDATE(), total)
        ON DUPLICATE KEY UPDATE
          generated_date = CURDATE(),
          total_marks = total;
      END IF;
    END;
  END LOOP;

  CLOSE cur;
END ;;
DELIMITER ;
/*!50003 SET sql_mode              = @saved_sql_mode */ ;
/*!50003 SET character_set_client  = @saved_cs_client */ ;
/*!50003 SET character_set_results = @saved_cs_results */ ;
/*!50003 SET collation_connection  = @saved_col_connection */ ;
/*!50003 DROP PROCEDURE IF EXISTS `UpsertStudentReport` */;
/*!50003 SET @saved_cs_client      = @@character_set_client */ ;
/*!50003 SET @saved_cs_results     = @@character_set_results */ ;
/*!50003 SET @saved_col_connection = @@collation_connection */ ;
/*!50003 SET character_set_client  = utf8mb4 */ ;
/*!50003 SET character_set_results = utf8mb4 */ ;
/*!50003 SET collation_connection  = utf8mb4_0900_ai_ci */ ;
/*!50003 SET @saved_sql_mode       = @@sql_mode */ ;
/*!50003 SET sql_mode              = 'ONLY_FULL_GROUP_BY,STRICT_TRANS_TABLES,NO_ZERO_IN_DATE,NO_ZERO_DATE,ERROR_FOR_DIVISION_BY_ZERO,NO_ENGINE_SUBSTITUTION' */ ;
DELIMITER ;;
CREATE DEFINER=`root`@`localhost` PROCEDURE `UpsertStudentReport`(
    IN stdid INT,
    IN cc VARCHAR(10)
)
BEGIN
    DECLARE c DECIMAL(5,2);
    DECLARE m DECIMAL(5,2);
    DECLARE total DECIMAL(5,2);

    -- Call existing functions
    SET c = IFNULL(GetLabPercentage(stdid, cc), 0);
    SET m = IFNULL(getMidtermPercentage(stdid, cc), 0);

    SET total = 0.75 * c + 0.25 * m;

    -- Insert or update the report table based on student_id and course_code combination
    INSERT INTO Report (course_code, student_id, generated_date, total_marks)
    VALUES (cc, stdid, CURDATE(), total)
    ON DUPLICATE KEY UPDATE
        generated_date = CURDATE(),
        total_marks = total;
END ;;
DELIMITER ;
/*!50003 SET sql_mode              = @saved_sql_mode */ ;
/*!50003 SET character_set_client  = @saved_cs_client */ ;
/*!50003 SET character_set_results = @saved_cs_results */ ;
/*!50003 SET collation_connection  = @saved_col_connection */ ;
/*!50003 DROP PROCEDURE IF EXISTS `verifyAdminLogin` */;
/*!50003 SET @saved_cs_client      = @@character_set_client */ ;
/*!50003 SET @saved_cs_results     = @@character_set_results */ ;
/*!50003 SET @saved_col_connection = @@collation_connection */ ;
/*!50003 SET character_set_client  = utf8mb4 */ ;
/*!50003 SET character_set_results = utf8mb4 */ ;
/*!50003 SET collation_connection  = utf8mb4_0900_ai_ci */ ;
/*!50003 SET @saved_sql_mode       = @@sql_mode */ ;
/*!50003 SET sql_mode              = 'ONLY_FULL_GROUP_BY,STRICT_TRANS_TABLES,NO_ZERO_IN_DATE,NO_ZERO_DATE,ERROR_FOR_DIVISION_BY_ZERO,NO_ENGINE_SUBSTITUTION' */ ;
DELIMITER ;;
CREATE DEFINER=`root`@`localhost` PROCEDURE `verifyAdminLogin`(IN un VARCHAR(50), IN pw VARCHAR(255))
BEGIN
  SELECT admin_id
  FROM Admin
  WHERE username = un AND password = pw;
END ;;
DELIMITER ;
/*!50003 SET sql_mode              = @saved_sql_mode */ ;
/*!50003 SET character_set_client  = @saved_cs_client */ ;
/*!50003 SET character_set_results = @saved_cs_results */ ;
/*!50003 SET collation_connection  = @saved_col_connection */ ;

--
-- Final view structure for view `view_student_performance_detail`
--

/*!50001 DROP VIEW IF EXISTS `view_student_performance_detail`*/;
/*!50001 SET @saved_cs_client          = @@character_set_client */;
/*!50001 SET @saved_cs_results         = @@character_set_results */;
/*!50001 SET @saved_col_connection     = @@collation_connection */;
/*!50001 SET character_set_client      = utf8mb4 */;
/*!50001 SET character_set_results     = utf8mb4 */;
/*!50001 SET collation_connection      = utf8mb4_0900_ai_ci */;
/*!50001 CREATE ALGORITHM=UNDEFINED */
/*!50013 DEFINER=`root`@`localhost` SQL SECURITY DEFINER */
/*!50001 VIEW `view_student_performance_detail` AS select `s`.`student_id` AS `student_id`,`s`.`student_name` AS `student_name`,`t`.`course_code` AS `course_code`,`c`.`course_name` AS `course_name`,`f`.`faculty_name` AS `course_faculty`,`GetLabPercentage`(`s`.`student_id`,`c`.`course_code`) AS `lab_percentage`,`getMidtermPercentage`(`s`.`student_id`,`c`.`course_code`) AS `midterm_percentage`,`r`.`total_marks` AS `total_marks`,`r`.`generated_date` AS `generated_date` from ((((`report` `r` join `student` `s` on((`r`.`student_id` = `s`.`student_id`))) join `teaches` `t` on((`r`.`course_code` = `t`.`course_code`))) join `course` `c` on((`t`.`course_code` = `c`.`course_code`))) join `faculty` `f` on((`t`.`faculty_id` = `f`.`faculty_id`))) */;
/*!50001 SET character_set_client      = @saved_cs_client */;
/*!50001 SET character_set_results     = @saved_cs_results */;
/*!50001 SET collation_connection      = @saved_col_connection */;

--
-- Final view structure for view `view_student_report_summary`
--

/*!50001 DROP VIEW IF EXISTS `view_student_report_summary`*/;
/*!50001 SET @saved_cs_client          = @@character_set_client */;
/*!50001 SET @saved_cs_results         = @@character_set_results */;
/*!50001 SET @saved_col_connection     = @@collation_connection */;
/*!50001 SET character_set_client      = utf8mb4 */;
/*!50001 SET character_set_results     = utf8mb4 */;
/*!50001 SET collation_connection      = utf8mb4_0900_ai_ci */;
/*!50001 CREATE ALGORITHM=UNDEFINED */
/*!50013 DEFINER=`root`@`localhost` SQL SECURITY DEFINER */
/*!50001 VIEW `view_student_report_summary` AS select `s`.`student_id` AS `student_id`,`s`.`student_name` AS `student_name`,`co`.`course_code` AS `course_code`,`co`.`course_name` AS `course_name`,`f`.`faculty_name` AS `course_faculty`,`r`.`total_marks` AS `total_marks`,`r`.`generated_date` AS `generated_date` from (((((`report` `r` join `student` `s` on((`r`.`student_id` = `s`.`student_id`))) join `enrollment` `e` on(((`r`.`course_code` = `e`.`course_code`) and (`r`.`student_id` = `e`.`student_id`)))) join `teaches` `t` on(((`e`.`course_code` = `t`.`course_code`) and (`e`.`faculty_id` = `t`.`faculty_id`)))) join `faculty` `f` on((`t`.`faculty_id` = `f`.`faculty_id`))) join `course` `co` on((`t`.`course_code` = `co`.`course_code`))) */;
/*!50001 SET character_set_client      = @saved_cs_client */;
/*!50001 SET character_set_results     = @saved_cs_results */;
/*!50001 SET collation_connection      = @saved_col_connection */;
/*!40103 SET TIME_ZONE=@OLD_TIME_ZONE */;

/*!40101 SET SQL_MODE=@OLD_SQL_MODE */;
/*!40014 SET FOREIGN_KEY_CHECKS=@OLD_FOREIGN_KEY_CHECKS */;
/*!40014 SET UNIQUE_CHECKS=@OLD_UNIQUE_CHECKS */;
/*!40101 SET CHARACTER_SET_CLIENT=@OLD_CHARACTER_SET_CLIENT */;
/*!40101 SET CHARACTER_SET_RESULTS=@OLD_CHARACTER_SET_RESULTS */;
/*!40101 SET COLLATION_CONNECTION=@OLD_COLLATION_CONNECTION */;
/*!40111 SET SQL_NOTES=@OLD_SQL_NOTES */;

-- Dump completed on 2025-04-27 15:01:02
